,Inches,CPU_Frequency (GHz),RAM (GB),Memory,Weight (kg),Price (Euro),Total Pixels,company,typeName,operating_system,gpu_manu,gpu_type
0,13.3,2.3,8,128,1.37,1339.69,4096000,1,4,8,2,56
1,13.3,1.8,8,128,1.34,898.94,1296000,1,4,8,2,50
2,15.6,2.5,8,256,1.86,575.0,2073600,7,3,4,2,52
3,15.4,2.7,16,512,1.83,2537.45,5184000,1,4,8,0,76
4,13.3,3.1,8,256,1.37,1803.6,4096000,1,4,8,2,57
5,15.6,3.0,4,500,2.1,400.0,1049088,0,3,5,0,84
6,15.4,2.2,16,256,2.04,2139.97,5184000,1,4,3,2,58
7,13.3,1.8,8,256,1.34,1158.7,1296000,1,4,8,2,50
8,14.0,1.8,16,512,1.3,1495.0,2073600,2,4,5,3,37
9,14.0,1.6,8,256,1.6,770.0,2073600,0,4,5,2,105
10,15.6,2.5,4,500,1.86,393.9,1049088,7,3,4,2,52
11,15.6,2.0,4,500,1.86,344.99,2073600,7,3,4,2,46
12,15.4,2.8,16,256,1.83,2439.97,5184000,1,4,8,0,77
13,15.6,2.0,4,256,2.2,498.9,2073600,4,3,5,0,91
14,12.0,1.2,8,256,0.92,1262.4,3317760,1,4,8,2,51
15,13.3,2.3,8,256,1.37,1518.55,4096000,1,4,8,2,56
16,15.6,2.7,8,256,2.2,745.0,2073600,4,3,5,0,91
17,15.4,2.9,16,512,1.83,2858.0,5184000,1,4,8,0,78
18,15.6,2.4,8,1024,2.2,499.0,2073600,10,3,4,3,11
19,13.3,1.6,8,128,1.22,979.0,2073600,4,4,5,2,105
20,11.6,1.44,2,32,0.98,191.9,1049088,2,2,5,2,40
21,15.6,2.5,8,1152,2.5,999.0,2073600,10,1,5,3,14
22,15.6,1.5,4,500,1.86,258.0,1049088,7,3,4,0,79
23,13.3,1.6,8,256,1.62,819.0,2073600,4,0,5,2,105
24,15.6,1.8,8,256,1.91,659.0,2073600,7,4,5,2,52
25,15.6,2.0,4,1024,2.3,418.64,1049088,4,3,5,2,46
26,13.3,1.6,8,128,1.35,1099.0,1296000,1,4,3,2,50
27,15.6,1.6,8,256,2.2,800.0,2073600,4,3,5,0,74
28,15.6,1.9,8,512,1.88,1298.0,2073600,4,4,5,2,105
29,17.3,1.6,8,1024,2.5,896.0,2073600,7,3,5,3,9
30,15.6,1.44,4,64,1.89,244.99,2073600,3,3,5,2,39
31,14.0,1.5,2,32,1.65,199.0,1049088,2,3,5,0,79
32,17.3,2.5,4,500,2.71,439.0,2073600,7,3,5,0,74
33,13.3,1.8,16,512,1.2,1869.0,5760000,4,4,5,2,105
34,13.3,1.6,8,256,1.35,998.0,1296000,1,4,3,2,50
35,14.0,1.1,4,64,1.44,249.0,1049088,10,3,5,2,42
36,15.6,2.7,4,1024,2.1,367.0,1049088,0,3,2,2,52
37,17.3,1.6,8,1152,2.8,979.0,2073600,4,3,5,0,74
38,15.6,2.5,4,1024,1.86,488.69,1049088,7,3,5,2,52
39,15.6,1.6,8,256,2.1,879.0,2073600,7,3,5,3,9
40,15.6,2.0,4,1024,2.0,389.0,2073600,2,3,2,2,52
41,15.6,2.8,16,1280,2.65,1499.0,2073600,4,1,5,3,18
42,15.6,2.5,8,1024,2.3,522.99,1049088,2,3,2,3,11
43,15.6,1.6,4,256,2.2,682.0,2073600,0,3,5,2,105
44,17.3,1.6,12,1024,2.77,999.0,2073600,4,0,5,3,4
45,13.3,2.0,8,256,1.37,1419.0,4096000,1,4,8,2,54
46,15.6,2.0,4,128,2.2,369.0,1049088,10,3,4,2,46
47,17.3,3.0,8,1280,3.2,1299.0,2073600,2,1,5,0,104
48,15.6,2.5,4,256,2.3,639.0,2073600,4,3,5,0,91
49,17.3,1.1,4,1024,2.8,466.0,1049088,2,3,5,3,7
50,10.1,1.44,4,64,0.69,319.0,2304000,10,0,0,2,40
51,15.6,1.8,8,256,2.2,841.0,2073600,0,3,5,3,37
52,15.6,2.5,4,256,1.86,398.49,2073600,7,3,5,0,83
53,13.3,1.8,8,512,1.49,1103.0,2073600,7,3,5,2,105
54,15.6,2.4,4,1024,2.4,384.0,1049088,0,3,5,2,52
55,15.6,1.8,8,256,2.13,767.8,2073600,4,3,5,0,73
56,15.6,2.0,4,128,1.91,439.0,2073600,7,3,5,2,46
57,15.6,2.5,4,256,2.0,586.19,1049088,2,3,5,2,52
58,17.3,2.8,16,2304,2.43,2449.0,2073600,11,1,5,3,19
59,15.6,2.0,4,256,2.0,415.0,2073600,2,3,2,2,46
60,17.3,1.8,16,2304,2.8,1299.0,2073600,4,3,5,0,74
61,14.0,1.6,8,256,1.7,879.0,2073600,4,4,5,2,105
62,14.0,2.7,8,256,1.7,599.0,2073600,10,3,4,2,52
63,14.0,1.6,8,256,1.4,941.0,2073600,2,3,5,2,105
64,15.6,2.5,8,256,1.86,690.0,2073600,7,3,5,2,52
65,15.6,2.8,16,512,1.8,1983.0,2073600,2,4,5,3,15
66,15.6,2.0,4,500,1.86,438.69,1049088,7,3,5,0,73
67,14.0,1.6,4,32,1.44,229.0,1049088,7,3,5,2,40
68,15.6,2.5,4,1024,1.9,549.0,2073600,10,3,5,2,52
69,17.3,2.8,12,1024,3.0,949.0,2073600,2,1,2,3,15
70,13.5,2.5,4,128,1.252,1089.0,3393024,13,4,6,2,52
71,13.3,1.8,8,256,1.4,955.0,2073600,4,4,5,0,74
72,15.6,1.8,8,256,2.2,870.0,2073600,4,3,5,0,74
73,17.3,2.5,8,1152,2.7,1095.0,2073600,11,1,5,3,14
74,14.0,2.0,8,1024,2.1,389.0,1049088,0,3,5,2,46
75,15.6,2.8,8,1024,2.2,949.0,2073600,2,1,5,3,14
76,15.6,2.5,8,2048,2.2,519.0,2073600,10,3,4,2,52
77,15.6,1.8,8,1152,2.02,855.0,2073600,4,3,5,2,105
78,15.6,2.7,4,1024,2.2,530.0,2073600,0,3,5,3,36
79,17.3,1.6,8,1152,2.5,977.0,2073600,7,3,5,3,9
80,15.6,1.6,8,256,1.88,1096.16,2073600,4,4,5,2,105
81,12.0,1.3,8,512,0.92,1510.0,3317760,1,4,8,2,51
82,14.0,1.6,8,256,1.63,860.0,2073600,7,3,5,2,52
83,15.6,2.5,4,128,2.2,399.0,2073600,10,3,5,0,72
84,15.6,3.0,4,1024,2.1,395.0,1049088,0,3,5,0,84
85,15.6,2.8,16,1152,2.65,1349.0,2073600,4,1,5,3,15
86,15.6,1.8,8,256,1.83,699.0,2073600,7,4,5,3,24
87,15.6,2.5,8,256,1.96,598.99,2073600,7,3,5,2,52
88,15.6,2.8,16,1152,2.2,1449.0,2073600,2,1,5,3,18
89,13.3,1.8,8,256,1.21,1649.0,2073600,4,4,5,2,105
90,15.6,3.0,8,1024,2.45,699.0,2073600,2,1,5,0,103
91,15.6,1.8,8,1024,2.2,689.0,2073600,0,3,5,3,37
92,13.3,1.8,16,512,1.49,1197.0,2073600,7,3,5,2,105
93,15.6,2.5,8,256,2.65,1195.0,2073600,4,1,5,3,18
94,14.0,2.7,8,256,1.25,1049.0,2073600,2,4,5,2,52
95,13.3,1.6,8,256,1.5,847.0,2073600,0,0,5,2,105
96,15.6,2.7,8,1024,2.2,599.9,2073600,4,3,2,0,91
97,15.6,2.0,4,256,2.2,485.0,2073600,4,3,2,0,91
98,15.6,2.4,6,256,2.0,577.0,2073600,2,3,5,3,6
99,15.6,2.8,12,1152,2.62,1249.0,2073600,7,1,5,3,14
100,15.6,2.7,8,256,1.91,719.0,2073600,7,3,5,0,74
101,15.6,1.5,4,500,2.1,349.0,2073600,7,3,5,0,79
102,15.6,1.6,8,1024,2.2,647.0,2073600,4,3,2,0,73
103,13.3,2.7,8,256,1.38,1119.0,2073600,7,4,5,3,37
104,13.5,2.5,8,256,1.252,1340.0,3393024,13,4,6,2,52
105,14.0,2.5,6,256,1.58,659.0,2073600,7,3,5,3,11
106,15.6,2.0,4,1024,1.85,414.9,2073600,10,3,5,2,46
107,14.0,2.7,8,256,1.3,1193.0,2073600,2,4,5,3,11
108,15.6,2.8,16,1280,2.2,1299.0,2073600,11,1,5,3,15
109,14.0,2.7,8,256,1.58,1480.0,2073600,10,3,5,2,52
110,15.6,1.8,16,1280,1.5,1262.0,2073600,2,4,5,3,37
111,13.3,2.4,8,256,1.23,1379.0,5760000,4,4,5,2,56
112,13.3,2.5,8,256,1.37,1399.0,2073600,10,0,5,2,52
113,14.0,1.6,4,500,1.63,722.0,1049088,7,3,5,2,105
114,13.3,1.6,8,256,1.21,1629.0,2073600,4,4,5,2,105
115,13.3,1.6,8,256,1.26,1398.99,2073600,7,0,5,2,105
116,14.0,1.8,8,512,1.63,1084.0,2073600,7,3,5,2,105
117,15.6,1.8,8,1280,2.16,1130.33,2073600,4,3,5,3,11
118,17.3,2.0,4,1024,2.0,564.0,2073600,2,3,5,3,7
119,15.6,1.8,8,256,1.7,1118.0,2073600,2,3,5,3,11
120,15.6,2.4,6,1024,2.1,479.0,2073600,0,3,5,2,52
121,15.6,2.8,16,2304,1.8,2241.5,2073600,11,1,5,3,19
122,15.6,2.5,8,256,2.2,629.0,2073600,10,3,4,3,11
123,17.3,1.8,16,512,2.5,1271.0,2073600,7,3,5,3,9
124,15.6,3.0,4,256,2.1,451.0,1049088,0,3,5,0,84
125,15.6,1.6,4,500,1.86,259.0,1049088,7,3,4,2,40
126,14.0,1.6,8,1024,1.63,812.0,2073600,7,3,5,2,105
127,14.0,1.5,4,64,1.65,277.99,1049088,2,3,6,0,79
128,17.3,1.8,16,2304,2.8,1396.0,2073600,4,3,5,0,74
129,17.3,1.6,8,256,2.5,928.0,2073600,7,3,5,2,105
130,15.6,2.5,8,1024,2.36,638.99,1049088,4,3,5,0,97
131,15.6,2.0,4,1024,2.2,449.0,2073600,4,3,5,0,91
132,14.0,1.8,8,256,1.6,884.0,2073600,0,4,5,2,105
133,15.6,2.7,4,256,2.2,572.0,2073600,0,3,5,3,36
134,15.6,2.7,8,1024,2.05,598.0,1049088,7,3,5,2,52
135,14.0,1.8,8,256,1.63,988.0,2073600,7,3,5,2,105
136,15.6,1.1,4,1024,1.9,252.36,1049088,10,3,4,2,42
137,17.3,2.5,8,1152,3.0,938.0,2073600,2,1,5,3,14
138,15.6,2.5,4,1024,2.2,499.0,2073600,10,3,4,3,7
139,13.3,2.5,4,256,1.32,699.0,2073600,7,3,5,2,52
140,17.3,2.7,4,1024,3.0,655.0,2073600,0,3,5,3,36
141,14.0,1.6,8,256,1.75,1116.02,2073600,10,3,5,0,102
142,15.6,2.8,8,256,2.4,869.0,2073600,10,1,4,3,16
143,15.6,2.3,4,500,2.1,602.0,1049088,16,3,5,2,46
144,15.6,2.5,4,256,1.86,369.0,1049088,7,3,5,0,83
145,14.0,1.8,8,256,1.25,1099.0,2073600,2,4,5,2,105
146,12.5,1.2,8,512,0.97,2014.0,8294400,7,4,5,2,45
147,15.6,1.1,4,1024,2.0,344.0,2073600,2,3,5,2,42
148,17.3,2.8,16,1280,2.9,2029.0,2073600,11,1,5,3,19
149,15.6,2.0,4,1024,2.1,447.0,1049088,0,3,5,2,46
150,15.6,2.8,16,512,2.56,1249.26,2073600,4,1,5,3,14
151,15.6,2.8,8,0,2.62,899.0,2073600,4,1,5,3,14
152,15.6,2.5,4,128,1.9,498.0,1049088,10,3,5,2,52
153,17.3,2.8,16,1280,2.8,1890.0,2073600,11,1,5,3,18
154,14.0,2.7,4,256,1.48,1082.0,2073600,7,4,5,2,52
155,15.6,1.6,6,256,1.91,619.0,2073600,7,3,5,0,73
156,14.0,2.4,4,256,1.74,629.0,2073600,10,0,5,2,52
157,13.3,1.6,8,256,1.1,1315.0,2073600,2,0,5,2,52
158,15.6,1.8,8,256,1.56,1049.0,2073600,4,0,5,2,105
159,15.6,2.2,4,500,2.1,447.0,1049088,16,3,5,2,46
160,15.6,3.0,4,1024,2.03,403.0,1049088,2,3,5,0,89
161,17.3,1.6,4,256,3.0,805.0,2073600,0,3,5,3,37
162,15.6,1.6,8,256,2.13,728.0,2073600,4,3,5,0,73
163,15.6,2.8,16,256,2.5,1079.0,2073600,10,1,5,3,15
164,15.6,1.1,4,1024,2.1,348.0,1049088,0,3,5,2,42
165,15.6,2.8,16,1280,2.4,1799.0,2073600,11,1,5,3,18
166,15.6,1.1,4,1024,2.1,363.51,1049088,0,3,5,2,43
167,15.6,2.8,8,1152,2.56,1060.49,2073600,4,1,5,3,14
168,17.3,1.6,8,256,3.0,854.0,2073600,0,3,5,3,37
169,13.3,1.6,4,500,1.49,754.0,2073600,7,3,5,2,105
170,13.0,2.5,8,256,1.05,1349.0,3110400,8,4,5,2,52
171,17.3,2.5,6,2048,2.71,699.0,2073600,7,3,5,0,73
172,15.6,2.9,4,500,2.2,309.0,1049088,10,3,4,0,83
173,15.6,2.4,4,500,2.0,489.0,1049088,16,3,5,2,52
174,17.3,1.6,8,256,2.5,923.0,2073600,7,3,5,3,9
175,15.6,2.4,8,1024,2.3,459.0,1049088,4,3,5,2,52
176,15.6,2.0,4,128,2.1,449.0,1049088,0,3,5,2,46
177,18.4,2.9,32,1536,4.4,2799.0,2073600,11,1,5,3,3
178,15.6,2.5,8,1152,1.9,813.0,2073600,10,3,5,0,71
179,13.3,1.6,8,256,1.29,1499.0,8294400,7,0,5,2,105
180,15.6,1.8,16,2304,2.02,1049.0,2073600,4,3,2,0,74
181,13.3,1.6,8,256,1.23,1399.0,2073600,4,4,5,2,105
182,13.9,1.8,16,512,1.4,1849.0,8294400,10,0,5,2,105
183,15.6,2.5,8,128,2.0,793.0,1049088,16,3,5,2,52
184,15.6,1.6,8,256,1.95,1199.0,2073600,18,3,4,3,37
185,17.3,1.8,16,512,2.77,1549.0,2073600,4,3,5,3,4
186,15.6,2.8,16,512,2.06,2397.0,8294400,4,3,5,3,14
187,15.6,2.5,8,256,2.4,779.0,2073600,10,1,4,3,14
188,13.3,1.2,8,256,1.12,989.0,2073600,0,4,5,2,51
189,17.3,1.8,8,1152,2.8,1085.0,2073600,4,3,5,0,74
190,14.0,2.7,16,1024,1.42,2824.0,3686400,10,0,5,2,52
191,14.0,1.1,4,32,1.3,260.0,2073600,17,3,5,2,42
192,13.3,2.5,8,256,1.3,999.9,2073600,18,4,4,3,37
193,17.3,1.6,8,256,2.8,698.0,1440000,10,3,4,3,37
194,13.3,1.8,8,1024,1.62,839.0,2073600,4,0,5,2,105
195,17.3,1.6,8,1024,2.5,914.0,2073600,7,3,5,3,9
196,17.3,2.9,32,1024,3.49,6099.0,8294400,14,1,5,3,21
197,13.3,1.6,8,512,1.49,959.0,2073600,7,3,5,2,105
198,17.3,2.8,16,1280,3.35,1379.0,2073600,7,1,5,3,14
199,17.3,1.8,8,256,2.5,1045.0,2073600,7,3,5,3,9
200,15.6,2.8,16,1536,2.65,1845.0,8294400,4,1,5,3,18
201,15.6,2.3,4,128,2.1,493.0,1049088,10,3,5,2,46
202,15.6,2.7,8,1024,2.23,742.0,2073600,0,3,5,3,11
203,15.6,2.8,16,1536,3.2,1749.0,2073600,10,1,5,3,18
204,15.6,3.0,16,1280,2.8,3055.0,8294400,4,5,5,3,62
205,15.6,2.8,16,512,2.4,1398.0,2073600,10,1,4,3,18
206,15.6,2.4,6,1024,2.3,439.0,1049088,4,3,5,2,52
207,13.3,1.8,8,256,1.21,1949.0,8294400,4,4,5,2,105
208,13.3,1.8,8,256,1.2,1449.0,2073600,4,4,5,2,105
209,15.6,2.5,8,256,2.2,597.0,1049088,10,3,5,2,52
210,15.6,2.8,8,1024,2.4,779.0,2073600,0,3,2,3,14
211,17.3,2.8,16,1280,2.9,1407.0,2073600,2,1,5,3,14
212,15.6,2.0,4,500,2.1,349.0,2073600,7,3,4,2,46
213,15.6,2.5,8,256,2.2,549.0,2073600,10,3,4,2,52
214,13.0,2.7,8,512,1.05,1499.0,3110400,8,4,5,2,52
215,13.3,1.8,8,256,1.4,931.88,2073600,4,4,5,0,74
216,17.3,2.5,8,1024,2.8,589.0,1440000,10,3,4,3,24
217,14.0,1.8,8,256,1.63,1031.0,2073600,7,3,5,3,9
218,14.0,1.6,8,256,1.6,1149.0,2073600,4,4,5,2,105
219,13.3,1.8,16,512,1.62,1279.0,2073600,4,0,5,2,105
220,15.6,1.6,8,256,2.2,677.35,2073600,4,3,2,0,73
221,14.0,1.6,8,256,1.74,899.0,2073600,10,0,5,2,105
222,13.3,2.5,8,256,1.2,1363.0,2073600,16,4,5,2,46
223,15.6,1.6,8,1024,2.1,794.0,2073600,7,3,5,2,105
224,17.3,2.8,16,1280,4.42,2456.34,2073600,4,1,5,3,18
225,15.6,2.7,8,256,2.2,832.0,2073600,0,3,5,3,11
226,15.6,2.7,16,1024,2.3,859.01,2073600,4,3,5,0,97
227,15.6,2.5,8,256,2.0,769.0,2073600,2,3,5,3,7
228,17.3,2.5,8,756,2.69,891.0,2073600,2,3,5,3,25
229,15.6,2.7,8,1024,1.9,1269.0,2073600,7,3,5,0,0
230,15.6,2.4,4,1024,2.37,398.99,1049088,2,3,5,2,52
231,15.6,1.5,4,500,2.1,330.0,1049088,7,3,5,0,79
232,15.6,2.8,16,1280,3.2,1499.0,2073600,10,1,5,3,18
233,14.0,2.5,8,256,1.6,859.0,2073600,4,3,5,2,52
234,13.3,2.3,8,256,1.6,689.0,2073600,0,0,5,2,46
235,15.6,2.7,16,256,2.36,899.0,2073600,4,3,2,0,97
236,15.6,2.0,4,1024,2.1,390.0,1049088,0,3,2,2,46
237,15.6,2.5,4,1152,2.2,575.0,2073600,2,3,5,0,91
238,17.3,2.9,32,1536,4.7,3890.0,2073600,2,1,5,3,21
239,15.6,2.5,8,256,2.5,846.0,2073600,0,1,5,3,14
240,15.6,2.0,8,128,2.2,589.0,1049088,10,3,5,2,46
241,17.3,1.8,8,1152,2.1,1145.0,2073600,2,3,5,3,4
242,17.3,2.7,8,1152,2.69,889.0,2073600,2,3,4,3,25
243,15.6,2.5,8,256,2.56,879.0,2073600,4,1,5,3,14
244,13.9,2.7,8,256,1.38,1079.0,2073600,10,0,5,2,52
245,15.6,1.8,8,2176,2.2,985.0,2073600,4,3,5,0,74
246,15.6,2.5,8,1024,2.04,559.0,1049088,7,3,5,2,52
247,17.3,2.9,16,256,3.6,2999.0,2073600,2,1,5,3,21
248,13.3,1.6,4,500,1.49,675.0,2073600,7,3,5,2,105
249,13.3,3.1,8,512,1.37,2040.0,4096000,1,4,8,2,57
250,15.6,1.8,8,1024,2.08,819.0,2073600,4,0,5,2,105
251,17.3,2.8,16,1280,4.3,1799.0,2073600,2,1,5,3,32
252,15.6,3.0,4,1024,1.68,469.0,1049088,2,3,5,0,89
253,13.9,1.8,8,512,1.37,1849.0,2073600,10,0,5,2,105
254,17.3,2.7,4,256,3.0,702.0,2073600,0,3,5,3,36
255,13.3,1.6,8,256,1.41,949.0,2073600,4,4,5,2,105
256,15.6,2.5,8,128,1.91,445.9,1049088,7,3,5,0,83
257,17.3,1.8,16,1024,2.9,1059.0,2073600,7,3,5,3,37
258,17.3,2.8,16,1536,4.14,2499.0,2073600,11,1,5,3,19
259,15.6,2.8,8,512,2.0,1699.0,2073600,10,0,5,3,16
260,17.3,1.8,8,1152,2.8,1142.0,2073600,4,3,5,0,74
261,15.6,2.0,4,256,2.2,444.0,2073600,10,3,4,2,46
262,15.6,1.6,4,500,2.1,722.0,2073600,7,3,5,2,52
263,15.6,2.5,4,1024,2.18,657.0,2073600,4,3,5,2,52
264,15.6,2.5,8,1024,2.24,565.0,2073600,4,3,5,0,91
265,15.6,1.6,8,256,2.67,799.0,2073600,4,0,5,2,105
266,13.3,1.8,8,1024,1.1,1499.0,2073600,2,0,5,2,105
267,15.6,2.5,4,1024,2.2,467.0,2073600,10,3,4,2,52
268,17.3,1.8,8,1024,2.5,1018.0,2073600,7,3,5,3,9
269,15.6,1.8,8,256,2.05,880.0,2073600,10,3,5,2,105
270,13.3,2.9,8,512,1.37,1958.9,4096000,1,4,8,2,55
271,17.3,3.0,16,1280,3.2,1549.0,2073600,2,1,5,0,104
272,15.6,1.8,8,256,2.14,735.07,2073600,4,3,2,0,73
273,14.0,2.6,16,512,1.36,2499.0,3686400,10,0,5,2,46
274,15.6,2.5,8,500,2.2,812.0,1049088,16,3,5,3,8
275,15.6,2.7,12,1024,2.3,713.07,1049088,4,3,5,2,52
276,17.3,1.8,8,1152,2.8,1099.0,2073600,4,3,2,0,74
277,15.6,1.8,8,1024,2.2,745.0,2073600,0,3,5,3,36
278,17.3,2.0,4,1024,2.8,489.0,1440000,10,3,5,2,46
279,17.3,1.8,8,2048,2.8,849.0,2073600,10,3,4,3,37
280,17.3,2.7,6,1152,2.8,859.0,1440000,10,3,5,3,11
281,15.6,2.0,4,1024,2.25,428.0,2073600,4,3,2,0,91
282,15.6,2.5,8,256,2.5,829.0,2073600,10,1,5,3,14
283,15.6,2.5,6,256,2.2,579.0,2073600,10,3,5,2,52
284,15.6,1.8,8,256,3.0,951.0,2073600,0,3,5,3,37
285,15.6,2.7,12,1024,2.15,659.0,2073600,0,3,5,2,52
286,15.6,2.7,8,256,1.95,1097.0,2073600,10,3,5,2,53
287,15.6,2.5,8,256,1.7,977.0,2073600,2,4,5,3,11
288,15.6,2.8,16,1280,2.5,1179.0,2073600,10,1,5,3,15
289,15.6,2.7,8,1024,2.2,659.01,2073600,10,3,4,3,11
290,15.6,1.5,2,16,2.19,199.0,1049088,0,3,1,2,39
291,17.3,2.8,8,1024,3.0,1187.0,2073600,2,1,5,3,14
292,17.3,2.0,8,1024,2.54,489.0,1440000,7,3,5,2,46
293,15.6,2.8,8,256,2.0,1829.0,2073600,4,3,5,3,14
294,15.6,1.6,8,256,2.05,739.0,2073600,10,3,5,2,105
295,15.6,2.8,8,1024,3.2,1299.0,2073600,10,1,5,3,18
296,15.6,2.8,8,256,2.5,979.0,2073600,0,3,2,3,15
297,17.3,2.9,16,256,3.42,2884.86,2073600,4,5,5,3,62
298,15.6,2.4,6,1024,2.4,499.0,2073600,10,3,5,0,85
299,15.6,2.7,16,512,1.63,1468.0,2073600,2,4,5,3,11
300,14.0,2.4,4,128,1.3,509.0,1049088,2,3,5,2,52
301,17.3,2.8,16,1280,2.9,2122.0,2073600,2,1,5,3,19
302,17.3,2.5,6,1024,2.8,649.0,1440000,10,3,5,3,23
303,15.6,2.5,8,2048,2.2,549.0,1049088,10,3,4,3,11
304,15.6,2.8,8,1152,2.5,1265.0,2073600,2,1,5,3,15
305,15.6,1.1,4,1024,2.2,359.99,1049088,10,3,4,2,43
306,13.3,2.8,16,256,1.28,1975.0,2073600,7,0,5,2,52
307,15.6,2.5,8,256,2.2,1043.0,2073600,16,3,5,3,8
308,15.6,2.5,8,1152,2.3,819.0,2073600,10,3,5,3,11
309,15.6,2.0,4,1024,1.86,469.0,2073600,7,3,5,2,46
310,13.3,2.5,8,256,1.1,999.0,2073600,10,3,5,2,52
311,13.3,1.8,16,1024,1.21,2499.0,8294400,4,4,5,2,105
312,15.6,2.8,16,1280,2.8,2099.0,2073600,11,1,5,3,19
313,15.6,2.2,8,256,2.23,469.0,2073600,0,3,5,0,84
314,11.6,1.1,2,32,1.1,275.0,1049088,2,0,5,2,42
315,15.6,1.6,8,1152,2.33,844.0,2073600,4,3,5,0,74
316,13.3,1.8,16,1024,1.29,2449.0,8294400,7,0,5,2,105
317,13.3,1.6,4,16,1.45,459.9,1049088,10,3,1,2,44
318,14.0,2.5,8,256,1.95,980.0,2073600,7,3,5,2,52
319,11.6,1.6,4,128,1.4,485.0,1049088,0,3,5,2,41
320,14.0,2.7,8,256,1.48,1292.0,2073600,7,3,5,2,52
321,17.3,2.5,4,1024,2.79,589.0,1440000,10,3,5,3,7
322,14.0,2.7,8,256,2.0,1094.0,2073600,2,3,5,2,52
323,15.6,1.8,8,1024,2.1,902.0,1049088,7,3,5,2,105
324,15.6,2.7,8,256,2.2,659.0,1049088,0,3,5,0,101
325,14.0,1.1,4,32,1.44,292.0,1049088,10,3,5,2,42
326,15.6,2.5,6,1024,2.23,549.0,1049088,0,3,5,2,52
327,15.6,2.7,8,256,1.7,1049.9,2073600,2,4,5,3,11
328,12.5,2.7,8,256,1.26,1335.0,2073600,7,4,5,2,52
329,15.6,2.8,32,1024,2.06,2639.0,8294400,4,3,5,3,14
330,17.3,2.8,8,1280,2.7,1199.0,2073600,11,1,5,3,15
331,15.6,2.5,8,256,2.0,943.0,2073600,16,3,5,2,52
332,14.0,2.7,8,1280,2.0,1334.0,2073600,2,3,5,2,52
333,15.6,2.0,4,1024,1.85,449.0,2073600,10,3,5,2,46
334,15.6,2.8,8,256,2.5,999.0,2073600,2,1,5,3,14
335,14.0,2.6,8,256,1.48,1268.0,2073600,7,3,5,2,52
336,15.6,1.6,8,1152,1.9,1049.0,2073600,4,4,5,3,11
337,15.6,2.5,8,256,1.84,1144.0,2073600,7,3,5,2,52
338,15.6,1.1,4,1024,2.0,274.99,1049088,2,3,2,2,42
339,15.6,1.6,8,256,2.0,1142.75,2073600,4,3,5,3,11
340,15.6,1.6,4,500,2.2,274.9,1049088,4,3,2,2,39
341,15.6,3.6,12,2048,2.2,899.0,2073600,10,3,5,0,74
342,15.6,2.4,8,1024,2.1,716.0,2073600,7,3,5,3,9
343,13.9,1.8,16,512,1.4,2099.0,8294400,10,0,5,2,105
344,13.3,1.8,8,256,1.2,1579.0,2073600,4,4,5,2,105
345,15.6,2.8,16,2304,2.4,1129.0,2073600,10,1,5,3,15
346,14.0,1.6,2,32,1.44,279.0,1049088,7,3,5,2,40
347,15.6,1.9,16,768,1.88,1607.96,2073600,4,4,5,2,105
348,11.6,1.1,4,32,1.5,375.0,1049088,2,0,5,2,42
349,15.6,1.6,8,1024,1.9,663.0,2073600,4,4,5,0,74
350,15.6,2.8,16,512,2.06,2027.42,8294400,4,3,5,3,14
351,15.6,2.7,8,256,1.84,1304.0,2073600,7,3,5,2,52
352,17.3,2.8,8,1152,2.7,1409.0,2073600,11,1,5,3,18
353,15.6,2.8,8,256,2.6,1738.27,2073600,7,5,5,3,62
354,15.6,2.5,16,512,2.4,1403.0,2073600,16,3,5,3,8
355,15.6,1.8,8,2176,2.02,970.9,2073600,4,3,5,0,74
356,15.6,1.1,4,1024,2.2,321.99,1049088,10,3,4,2,42
357,15.6,2.5,8,1024,2.65,999.0,2073600,4,1,5,3,14
358,15.6,2.5,8,2048,2.36,557.37,1049088,4,3,5,2,52
359,14.0,2.6,8,256,1.36,1427.0,2073600,4,3,5,2,52
360,15.6,2.0,4,500,1.86,439.0,1049088,7,3,5,2,46
361,14.0,2.5,8,256,2.0,945.0,2073600,2,3,5,2,52
362,17.3,2.5,6,1152,2.8,719.0,1440000,10,3,5,3,24
363,15.6,2.5,8,1024,1.86,639.0,2073600,7,3,5,2,52
364,15.6,2.0,8,256,2.2,499.0,1049088,10,3,4,3,7
365,15.6,1.6,8,2048,2.04,389.0,1049088,7,3,5,2,41
366,17.3,1.6,8,1152,2.8,1085.0,2073600,4,3,5,0,74
367,15.6,2.5,8,1152,2.4,809.0,2073600,10,1,4,3,14
368,15.6,2.7,8,256,2.33,899.0,2073600,4,3,5,0,97
369,14.0,2.7,8,256,1.36,1750.0,2073600,7,4,5,2,52
370,15.6,2.7,12,2560,2.26,1099.0,2073600,2,0,5,3,13
371,15.6,3.0,4,128,2.1,426.0,1049088,0,3,5,0,84
372,17.3,3.0,16,1280,3.25,2199.0,2073600,2,1,5,0,104
373,17.3,2.2,4,128,2.6,489.0,1440000,10,3,5,0,84
374,13.3,1.8,8,256,1.62,869.01,2073600,4,0,5,2,105
375,15.6,3.0,4,256,1.91,488.99,2073600,7,3,5,0,84
376,11.6,1.1,4,128,1.59,553.0,1049088,10,2,5,2,42
377,15.6,1.6,4,500,1.8,309.0,1049088,4,3,5,2,40
378,14.0,1.1,4,32,1.5,286.0,1049088,2,3,5,2,42
379,15.6,2.8,8,1024,2.4,846.0,2073600,0,3,2,3,14
380,17.3,2.8,8,1152,3.35,1191.0,2073600,7,1,5,3,14
381,15.6,2.0,4,128,1.85,403.5,2073600,10,3,4,2,46
382,15.6,2.8,8,1152,2.3,1655.0,2073600,2,1,5,3,18
383,14.0,2.5,8,256,1.5,1099.0,2073600,10,3,5,3,11
384,13.3,2.7,16,512,1.1,1748.9,2073600,2,4,5,2,52
385,14.0,2.7,8,512,1.13,2282.0,3686400,10,4,5,2,52
386,13.3,2.4,4,128,1.5,549.0,2073600,10,3,5,2,52
387,15.6,2.6,8,500,2.23,1369.0,2073600,4,5,5,0,1
388,15.6,2.7,8,256,2.0,2135.0,2073600,4,5,5,3,62
389,14.0,2.7,16,512,1.42,2509.0,3686400,10,0,5,2,52
390,17.3,2.8,8,1024,3.0,1039.0,2073600,2,1,5,3,14
391,17.3,2.8,16,1280,3.0,1591.0,2073600,2,1,5,3,15
392,15.6,1.6,12,1024,2.2,693.99,1049088,0,3,5,3,36
393,17.3,2.8,8,256,2.7,1349.0,2073600,11,1,5,3,15
394,15.6,2.7,8,256,2.33,778.87,2073600,4,3,2,0,97
395,15.6,3.0,4,256,1.91,499.0,2073600,7,4,5,0,73
396,15.6,1.8,8,256,2.1,1229.56,2073600,10,3,5,0,102
397,14.0,2.5,8,256,1.9,938.0,2073600,10,3,5,2,52
398,15.6,2.8,8,256,1.78,2712.0,8294400,4,5,5,3,62
399,14.0,2.7,16,1024,1.13,2625.0,3686400,10,4,5,2,52
400,15.6,1.1,4,1024,2.2,306.0,1049088,10,3,5,2,42
401,17.3,2.8,16,1280,2.9,1529.0,2073600,2,1,5,3,14
402,15.6,1.6,8,1280,2.1,1144.5,2073600,10,3,5,0,102
403,15.6,2.8,8,256,2.5,879.0,2073600,0,3,2,3,14
404,17.3,2.8,16,1280,2.8,2249.0,2073600,11,1,5,3,19
405,14.0,2.7,8,512,1.1,1873.0,2073600,2,4,5,2,52
406,13.3,2.5,16,512,1.2,1747.0,2073600,16,4,5,2,46
407,14.0,2.8,8,512,1.36,1680.0,2073600,4,4,5,2,39
408,15.6,2.0,4,500,2.2,409.0,2073600,10,3,5,2,46
409,11.6,1.1,2,32,1.15,304.45,1049088,10,3,5,2,42
410,15.6,2.8,8,512,2.67,1925.0,2073600,10,5,5,3,62
411,14.0,2.8,8,512,1.7,1943.0,3686400,10,4,5,3,13
412,15.6,2.0,4,1024,2.1,469.0,2073600,7,3,5,0,73
413,13.3,2.5,8,256,1.6,789.01,2073600,0,0,5,2,46
414,13.3,2.5,8,256,1.27,928.0,2073600,2,0,5,2,52
415,15.6,2.5,4,256,2.3,598.9,2073600,4,3,2,0,91
416,13.3,2.0,4,128,1.65,689.0,1049088,4,3,5,2,46
417,14.0,2.5,8,256,1.43,1500.0,2073600,7,4,5,2,46
418,15.6,2.5,8,1024,2.14,539.95,1049088,4,3,5,2,52
419,14.0,1.8,8,256,1.75,1215.38,2073600,10,4,5,0,102
420,15.6,2.8,16,512,2.0,1899.0,8294400,10,0,5,3,14
421,12.3,1.1,6,64,1.4,449.0,4990464,3,3,5,2,42
422,15.6,2.9,8,256,2.31,1427.0,2073600,7,3,5,2,53
423,15.6,2.4,8,1024,2.3,597.0,2073600,2,3,2,3,11
424,17.3,2.9,16,1280,4.42,2799.0,3686400,4,1,5,3,19
425,15.6,2.8,8,1152,2.62,1159.0,2073600,4,1,5,3,15
426,15.6,1.8,8,2304,2.02,1142.4,2073600,4,3,5,0,74
427,14.0,2.8,8,256,1.6,1099.0,2073600,4,4,2,2,52
428,17.3,2.8,12,1280,3.35,1999.0,2073600,7,1,5,3,19
429,11.6,1.1,4,32,1.16,299.0,2073600,12,0,5,2,42
430,11.6,1.6,4,16,1.15,269.0,1049088,15,2,1,2,40
431,13.3,2.7,8,256,1.4,1010.0,2073600,10,3,5,2,52
432,14.0,2.7,4,128,1.7,599.0,2073600,10,3,5,2,52
433,15.6,2.8,16,512,2.3,2445.0,8294400,10,5,5,3,11
434,15.6,2.9,16,512,2.5,2449.0,2073600,10,3,5,3,65
435,17.3,3.2,8,1280,3.2,1695.0,2073600,2,1,5,0,104
436,15.6,1.6,4,500,2.1,347.0,1049088,7,3,5,2,40
437,12.3,1.3,16,512,1.1,2199.0,3840000,6,4,1,2,51
438,14.0,2.7,24,512,1.32,2382.0,3686400,10,4,5,2,52
439,15.6,2.5,4,256,2.0,559.0,2073600,2,3,2,2,52
440,17.3,2.5,8,1024,2.8,519.0,1440000,10,3,5,0,82
441,15.6,1.6,4,256,2.2,749.0,2073600,4,3,5,0,74
442,12.5,2.5,8,256,1.36,1429.0,2073600,10,4,5,2,52
443,15.6,1.1,4,128,2.2,349.0,2073600,10,3,5,2,43
444,15.6,2.8,8,1152,2.2,1099.0,2073600,7,1,5,3,14
445,14.0,2.8,8,256,1.64,1179.0,2073600,4,3,5,3,9
446,15.6,2.5,4,500,2.4,441.8,1049088,0,3,2,2,52
447,15.6,3.0,8,1088,2.23,1993.0,2073600,4,5,5,3,69
448,15.6,2.5,8,256,2.2,1027.74,2073600,11,1,5,3,14
449,13.5,2.5,16,512,1.25,2589.0,3393024,13,4,6,2,56
450,15.6,2.5,8,128,1.91,589.0,1049088,7,3,5,2,52
451,15.6,2.7,16,256,2.17,1975.0,2073600,4,5,5,3,69
452,15.6,2.9,8,512,2.31,1534.0,2073600,7,5,5,2,52
453,14.0,2.5,8,256,1.65,1345.0,2073600,10,3,5,2,52
454,15.6,1.8,8,1152,2.36,979.0,2073600,4,3,5,0,74
455,11.6,1.6,4,500,1.47,479.0,1049088,4,0,5,2,41
456,17.3,2.7,8,1024,4.42,2046.0,2073600,4,3,5,3,18
457,13.5,2.2,4,128,1.252,989.0,3393024,13,4,6,2,51
458,13.5,2.5,8,256,1.25,1799.0,3393024,13,4,6,2,56
459,17.3,2.0,8,256,2.5,639.9,1440000,7,3,5,2,46
460,15.6,2.0,4,1024,2.23,544.0,2073600,0,3,5,3,11
461,11.6,1.6,4,128,1.4,435.0,1049088,0,2,5,2,40
462,15.6,2.5,8,1024,2.37,749.0,2073600,2,3,5,2,52
463,14.0,2.7,8,512,1.5,799.0,2073600,10,3,4,0,98
464,15.6,2.9,8,256,2.67,2090.0,2073600,10,3,5,3,65
465,15.6,1.1,4,500,2.0,304.0,1049088,2,3,5,2,42
466,15.6,2.0,4,500,2.2,469.0,1049088,0,3,5,3,24
467,15.6,1.6,8,2048,2.02,759.0,2073600,4,3,5,0,74
468,17.3,2.8,12,1024,3.78,1699.0,2073600,7,1,5,3,18
469,14.0,2.6,12,256,1.4,1858.0,3686400,10,4,5,2,46
470,13.3,1.8,8,512,1.29,1999.0,8294400,7,0,5,2,105
471,15.6,2.5,8,500,1.9,1154.0,2073600,7,3,5,0,0
472,12.3,1.2,8,128,1.1,1275.0,3840000,6,4,1,2,51
473,13.3,1.6,8,256,1.42,1841.85,2073600,4,4,5,2,105
474,15.6,2.6,12,1152,2.06,1299.0,8294400,2,3,5,2,47
475,14.0,2.3,8,128,1.79,740.0,1049088,4,3,5,2,46
476,15.6,2.8,8,256,1.78,2408.0,2073600,4,5,5,3,62
477,14.0,2.5,8,180,1.7,1364.0,2073600,10,3,5,2,52
478,15.6,1.6,8,1024,2.2,675.0,2073600,4,3,5,0,73
479,13.3,2.5,8,256,1.05,1672.0,2073600,16,3,5,2,52
480,15.6,1.8,8,512,2.16,1262.0,2073600,4,3,5,3,11
481,15.6,2.4,4,1024,2.18,586.6,1049088,4,3,5,2,52
482,13.3,1.6,4,128,1.49,726.0,2073600,7,3,5,2,105
483,15.6,1.44,4,64,1.89,248.9,2073600,3,3,5,2,39
484,15.6,2.0,4,128,2.3,565.0,1049088,10,3,5,2,46
485,14.0,1.6,8,256,1.75,1049.0,2073600,10,3,5,2,105
486,15.6,2.7,16,512,2.17,2338.0,2073600,4,5,5,3,69
487,15.6,2.8,16,512,2.06,1899.0,2073600,4,3,5,3,14
488,12.5,2.7,16,512,1.36,1798.0,2073600,10,4,5,2,52
489,12.5,2.7,16,512,0.91,1950.0,2073600,2,4,5,2,52
490,15.6,2.5,8,256,2.3,1011.99,2073600,10,3,5,3,11
491,13.3,2.7,32,512,1.05,2799.0,2073600,16,4,5,2,52
492,15.6,2.8,8,1152,1.99,1350.0,2073600,2,1,5,3,14
493,15.6,2.5,8,1024,2.2,579.0,1049088,0,3,5,0,101
494,17.3,2.6,24,1280,4.33,1269.0,2073600,2,1,5,3,29
495,12.5,2.3,8,180,1.3,1099.0,1049088,10,4,5,2,46
496,15.6,1.8,8,256,2.17,898.9,2073600,10,3,5,2,105
497,14.0,2.8,8,1024,1.48,1749.0,2073600,7,3,5,2,52
498,13.3,2.4,8,256,1.4,949.0,2073600,10,3,5,2,52
499,15.6,2.5,8,256,2.3,911.0,2073600,10,3,5,2,52
500,11.6,1.1,4,64,1.2,340.0,1049088,2,2,6,2,42
501,15.6,2.5,8,256,1.91,618.99,1049088,7,3,5,0,73
502,13.9,1.6,8,256,1.4,1599.0,2073600,10,0,5,2,105
503,14.0,1.1,4,500,2.1,299.0,1049088,10,3,5,2,42
504,11.6,1.6,4,16,1.25,265.0,1049088,10,2,1,2,40
505,13.3,2.5,8,256,1.44,949.0,2073600,10,3,5,2,52
506,15.6,2.7,8,1280,2.0,1224.0,2073600,2,3,5,2,52
507,15.6,1.6,4,1024,2.2,613.0,2073600,0,3,5,3,37
508,13.3,2.7,8,512,1.34,1323.0,2073600,7,4,5,2,52
509,15.6,2.8,8,1280,2.4,1149.0,2073600,10,1,4,3,18
510,13.3,2.5,8,128,1.29,899.0,2073600,4,4,5,2,52
511,15.6,2.7,4,500,2.2,639.0,2073600,0,3,5,3,11
512,15.6,2.5,8,1024,2.18,836.0,2073600,4,3,5,2,52
513,15.6,1.8,16,2304,2.2,1219.24,2073600,4,3,5,0,74
514,15.6,1.8,16,256,1.95,1399.95,2073600,18,3,4,3,37
515,11.6,1.1,2,32,1.1,245.0,1049088,2,2,5,2,42
516,15.6,1.6,4,1024,2.04,521.47,1049088,7,3,5,2,105
517,15.6,2.8,24,512,2.24,2968.0,2073600,2,1,5,3,35
518,15.6,2.5,8,256,2.04,889.0,2073600,7,3,5,3,9
519,17.3,2.8,16,1280,3.0,1504.0,2073600,2,1,5,3,33
520,15.6,2.8,8,1280,3.2,1399.0,2073600,10,1,5,3,18
521,13.3,2.7,8,256,1.32,1399.0,2073600,7,4,5,2,52
522,14.0,2.6,8,256,1.64,1279.73,2073600,4,3,5,2,52
523,15.6,2.0,4,128,1.63,689.0,1049088,7,3,5,2,46
524,17.3,1.6,8,1152,2.8,889.0,2073600,4,3,2,0,74
525,14.0,2.3,8,256,2.02,1340.0,2073600,10,3,7,2,46
526,15.6,2.7,4,1024,2.2,799.0,2073600,10,3,5,3,7
527,15.6,2.0,8,2048,2.2,459.0,1049088,10,3,4,3,7
528,15.6,2.5,4,500,2.3,585.0,2073600,4,3,5,0,91
529,15.6,2.8,8,256,1.9,1377.0,2073600,4,3,5,2,52
530,17.3,2.8,16,1152,4.42,3012.77,2073600,4,1,5,3,19
531,15.6,2.5,8,500,2.0,860.0,2073600,16,3,5,2,52
532,15.6,2.7,8,1280,2.0,1299.0,8294400,2,3,5,3,28
533,13.3,1.1,4,32,1.2,369.0,2073600,12,3,5,2,42
534,15.6,2.5,8,1152,2.3,1649.0,2073600,2,1,5,3,18
535,15.6,2.8,8,256,1.93,1369.0,2073600,4,3,5,3,9
536,15.6,1.6,8,256,2.2,797.41,2073600,4,3,5,0,74
537,15.6,1.6,4,256,1.86,398.99,2073600,7,3,5,2,41
538,17.3,2.8,12,1024,2.62,1799.0,2073600,7,1,5,3,18
539,14.0,2.7,8,256,1.87,859.0,2073600,10,3,5,3,11
540,13.3,1.8,8,256,1.2,1399.0,5760000,4,4,5,2,105
541,14.0,2.0,4,128,1.6,735.87,2073600,4,3,5,2,46
542,13.3,2.7,8,256,1.34,1145.0,5760000,7,4,5,2,52
543,15.6,2.5,8,1024,2.4,798.0,2073600,0,1,2,3,14
544,15.6,1.8,4,500,2.0,349.0,1049088,2,3,5,0,80
545,15.6,2.4,4,128,2.1,705.5,2073600,7,3,5,2,52
546,14.0,2.5,4,500,1.87,785.0,2073600,10,3,5,2,52
547,15.6,2.3,4,1024,2.15,462.35,2073600,10,3,4,2,46
548,15.6,2.0,4,500,1.86,397.0,2073600,7,3,5,2,46
549,15.6,2.7,8,512,1.99,1729.0,2073600,10,3,5,2,52
550,15.6,2.0,4,128,2.2,499.0,2073600,10,3,5,2,46
551,15.6,2.5,8,256,1.9,1116.99,2073600,4,3,5,2,52
552,17.3,2.8,16,1280,4.42,2699.0,2073600,4,1,5,3,19
553,17.3,2.0,8,1024,2.65,544.15,1440000,7,3,5,2,46
554,17.3,2.7,8,1024,2.63,1280.0,2073600,7,3,5,3,9
555,15.6,1.1,4,500,2.0,224.0,1049088,2,3,2,2,42
556,13.3,1.44,4,32,1.35,255.0,2073600,12,3,5,2,39
557,17.3,2.7,6,1152,2.8,949.0,1440000,10,3,5,3,11
558,15.6,2.5,6,128,1.91,568.9,2073600,7,3,5,0,74
559,15.6,2.0,4,1024,2.18,617.9,1049088,4,3,5,0,89
560,11.6,2.0,4,32,1.25,349.0,2073600,0,0,5,2,42
561,15.6,2.7,4,128,2.05,630.0,2073600,10,3,5,2,52
562,13.3,1.2,16,512,1.16,1965.0,5760000,7,4,5,2,45
563,17.3,2.8,8,256,3.4,2999.0,2073600,10,3,5,3,70
564,15.6,2.5,8,1152,2.5,839.0,2073600,2,3,5,3,14
565,13.3,1.6,8,128,1.21,1599.0,8294400,4,4,5,2,105
566,15.6,2.6,4,500,1.93,959.0,1049088,4,3,5,2,52
567,15.6,2.5,8,1024,2.2,739.0,1049088,5,3,5,2,52
568,15.6,1.1,4,500,2.2,344.0,2073600,10,3,5,2,43
569,14.0,2.5,4,500,2.02,990.0,1049088,10,3,5,2,52
570,17.3,2.8,8,500,3.14,1860.99,1440000,7,5,5,3,62
571,14.0,1.6,8,2048,1.94,389.0,1049088,7,3,5,2,41
572,15.6,3.0,6,256,1.95,649.0,2073600,7,3,5,0,74
573,15.6,2.5,8,256,2.3,830.0,2073600,10,3,5,2,52
574,15.6,1.6,4,500,2.05,685.0,2073600,10,3,5,2,52
575,14.0,1.44,4,32,1.4,249.0,2073600,12,3,5,2,39
576,14.0,2.7,16,512,1.24,1865.0,2073600,16,4,5,2,52
577,17.3,2.7,32,1280,4.6,2663.0,2073600,10,1,5,3,19
578,17.3,2.9,16,1536,4.14,2729.0,2073600,11,1,5,3,19
579,15.6,2.7,8,256,2.2,749.01,2073600,4,3,2,0,91
580,14.0,1.1,4,32,1.45,389.0,2073600,12,3,5,2,42
581,15.6,2.6,8,500,1.9,1008.52,1049088,4,3,5,2,52
582,13.3,2.4,4,128,1.49,719.0,2073600,7,3,5,2,52
583,15.6,2.8,16,256,1.93,1537.39,2073600,4,3,5,3,9
584,11.6,1.6,4,16,1.26,295.0,1049088,4,2,1,2,40
585,17.3,2.7,16,1152,4.5,2349.0,2073600,11,1,5,3,32
586,17.3,2.8,16,1280,3.78,1498.0,2073600,7,1,5,3,14
587,14.0,2.6,12,256,1.4,1673.0,2073600,10,4,5,2,46
588,15.6,1.8,12,1024,2.2,609.0,1049088,10,3,5,2,52
589,17.3,2.5,8,1152,2.73,1770.0,2073600,2,1,5,3,18
590,15.6,2.5,8,1024,2.2,739.0,1049088,2,0,5,2,46
591,15.6,3.6,12,512,2.2,949.0,2073600,10,3,5,0,74
592,11.6,1.0,4,128,1.39,603.0,1049088,4,0,5,2,51
593,15.6,2.8,16,1152,2.5,1699.0,2073600,15,3,5,3,14
594,17.3,2.0,4,500,2.8,529.0,2073600,10,3,4,2,46
595,15.6,2.3,8,1024,2.29,459.0,1049088,10,3,5,2,46
596,13.3,2.7,8,512,1.37,2025.0,2073600,10,0,5,2,52
597,14.0,2.5,8,256,1.7,1474.0,2073600,10,3,5,2,53
598,12.5,2.5,8,256,1.34,1670.0,2073600,4,0,5,2,52
599,15.6,2.8,8,256,2.06,1763.0,2073600,4,5,5,3,69
600,15.6,2.7,8,256,1.84,1219.0,2073600,7,3,5,2,52
601,15.6,2.4,4,500,2.1,668.48,1049088,7,3,5,2,52
602,14.0,1.1,4,32,1.6,329.0,2073600,0,3,5,2,42
603,17.3,2.7,16,1152,4.14,2199.0,2073600,11,1,5,3,30
604,15.6,2.0,4,1024,2.18,465.0,1049088,4,3,2,0,89
605,15.6,2.8,16,2304,1.8,2299.0,8294400,11,1,5,3,18
606,15.6,2.5,8,256,2.2,1399.0,2073600,16,3,5,2,46
607,15.6,2.5,6,1024,2.4,564.0,2073600,10,3,5,2,52
608,15.6,2.8,8,256,2.0,1299.0,2073600,10,0,5,2,53
609,14.0,1.6,4,128,1.6,349.0,1049088,0,3,5,2,41
610,15.6,3.1,32,1024,2.5,4899.0,8294400,10,3,5,3,65
611,15.6,2.6,16,1024,2.59,879.01,2073600,4,1,5,3,27
612,15.6,2.0,4,1024,2.18,443.9,1049088,4,3,2,2,46
613,15.6,2.0,4,1024,2.25,359.0,1049088,4,3,2,2,46
614,15.6,2.6,4,500,1.93,869.0,1049088,4,3,2,2,52
615,17.3,2.8,8,1152,3.0,1168.0,2073600,2,1,5,3,14
616,15.6,2.5,4,128,2.18,569.0,2073600,4,3,2,0,89
617,15.6,2.7,8,512,1.84,1389.0,2073600,7,4,5,2,52
618,15.6,2.8,16,1280,2.94,2267.86,2073600,11,1,5,3,19
619,11.6,1.6,4,32,1.25,379.0,1049088,0,0,1,2,40
620,14.0,2.6,8,256,2.31,1124.0,1049088,7,3,5,2,52
621,14.0,2.3,8,256,1.65,1465.0,2073600,10,3,7,2,46
622,15.6,1.6,4,1024,2.2,776.0,2073600,4,3,5,0,74
623,15.6,2.5,8,256,2.2,799.0,1049088,5,3,5,2,52
624,15.6,2.3,4,500,1.88,932.0,1049088,7,3,7,2,46
625,15.6,2.7,8,1024,2.2,899.0,2073600,10,3,5,3,7
626,14.0,1.44,2,32,1.4,239.0,2073600,12,3,5,2,39
627,15.6,2.5,4,128,2.2,468.0,2073600,10,3,4,2,52
628,13.3,2.5,6,1024,1.5,639.01,2073600,2,0,5,2,52
629,15.6,2.8,8,256,2.0,1820.0,2073600,4,3,5,3,14
630,14.0,2.7,16,512,1.1,1900.0,2073600,2,4,5,2,52
631,15.6,2.8,16,1280,2.62,1479.0,2073600,4,1,5,3,15
632,15.6,1.6,4,256,1.8,829.0,2073600,10,3,5,2,105
633,15.6,2.0,4,1024,2.2,579.0,2073600,10,3,5,3,7
634,15.6,1.1,8,1024,2.0,399.0,1049088,2,3,5,2,42
635,15.6,2.5,8,1024,1.99,906.62,2073600,2,3,5,3,14
636,13.3,1.6,8,256,1.23,1869.0,5760000,4,4,5,2,105
637,14.0,1.6,2,32,1.42,249.0,1049088,10,3,5,2,40
638,13.3,2.7,8,256,1.37,1757.42,2073600,10,0,5,2,52
639,15.6,2.8,16,1024,2.06,2399.0,8294400,4,3,5,3,14
640,15.6,2.8,8,1152,2.5,1109.0,2073600,10,1,5,3,16
641,17.0,3.0,8,1024,2.6,520.9,1440000,7,3,5,0,84
642,14.0,2.7,16,512,1.14,2450.0,2073600,10,4,5,2,52
643,15.6,2.8,8,1024,2.5,1169.0,2073600,2,1,4,3,15
644,15.6,2.0,4,500,2.4,450.0,1049088,0,3,5,2,46
645,14.0,1.6,4,32,1.43,274.0,1049088,10,3,5,2,39
646,14.0,2.5,8,256,1.8,919.0,2073600,0,4,5,2,38
647,14.0,2.8,16,256,1.95,2599.0,2073600,14,1,5,3,18
648,13.3,2.3,8,256,1.2,1213.0,2073600,16,3,5,2,46
649,12.5,2.7,8,256,1.36,1584.0,2073600,10,4,5,2,52
650,17.3,2.7,32,512,3.8,2799.0,2073600,2,1,5,3,21
651,15.6,2.5,8,1024,2.4,709.0,2073600,0,1,2,3,14
652,13.3,1.6,8,256,1.2,1449.9,2073600,4,4,5,2,105
653,15.6,2.8,8,1152,2.2,1191.8,2073600,11,1,5,3,15
654,15.6,2.0,4,500,1.86,364.9,1049088,7,3,4,2,46
655,15.6,2.5,8,500,2.0,1064.0,2073600,16,3,5,2,52
656,15.6,1.8,8,256,2.2,919.0,2073600,4,3,5,0,74
657,15.6,1.8,16,2304,2.2,1135.0,2073600,4,3,5,0,74
658,15.6,2.6,8,1152,3.31,1196.0,2073600,10,1,5,3,26
659,17.3,2.8,32,1536,4.42,3147.37,8294400,4,1,5,3,19
660,14.0,2.4,8,256,1.56,1229.0,2073600,4,3,5,2,46
661,15.6,1.1,4,500,2.2,419.0,1049088,10,3,5,2,42
662,15.6,2.3,4,500,2.2,535.0,2073600,10,3,5,2,46
663,15.6,2.0,6,1024,2.04,539.0,2073600,7,3,5,0,91
664,17.3,2.8,8,1152,2.7,1486.77,2073600,11,1,5,3,18
665,15.6,2.1,4,128,2.1,498.0,1049088,16,3,5,2,46
666,15.6,2.5,8,1024,2.06,955.0,2073600,4,3,5,2,52
667,15.6,2.7,8,1024,2.1,745.0,2073600,7,3,5,0,74
668,15.6,2.5,8,256,2.0,1258.0,2073600,16,3,5,2,52
669,15.6,2.0,4,128,2.1,412.0,1049088,0,3,2,2,46
670,13.5,2.8,8,256,1.252,1867.85,3393024,13,4,6,2,56
671,15.6,2.5,8,1152,1.9,817.95,2073600,10,3,5,0,91
672,13.3,2.5,8,256,1.3,1034.0,2073600,10,0,5,2,52
673,15.6,2.2,4,128,2.2,349.0,1049088,10,3,5,0,80
674,14.0,2.4,4,128,1.63,699.0,2073600,7,0,5,3,11
675,15.6,2.8,16,1280,2.4,1294.0,2073600,11,1,5,3,14
676,14.0,2.5,8,256,1.1,1135.0,2073600,2,4,5,2,52
677,11.6,1.1,8,64,1.4,495.0,1049088,7,0,1,2,42
678,15.6,1.8,8,512,1.09,2299.0,2073600,9,4,5,2,52
679,15.6,2.5,16,256,2.5,1299.0,2073600,0,1,5,3,15
680,15.6,2.5,8,256,2.2,997.9,2073600,11,1,5,3,14
681,15.6,1.1,4,128,1.86,419.0,1049088,2,3,5,2,42
682,15.6,2.5,16,1152,3.21,2051.0,2073600,4,1,5,3,18
683,17.3,2.0,4,256,2.5,699.0,2073600,7,3,5,0,86
684,13.3,1.8,8,512,1.19,1499.0,2073600,10,0,5,2,105
685,15.6,2.9,16,1280,3.49,2813.75,2073600,4,1,5,3,19
686,15.6,2.5,4,500,1.86,612.61,1049088,7,3,5,0,73
687,15.6,2.0,4,1024,2.2,545.67,1049088,4,3,5,0,91
688,17.3,2.4,6,2048,2.65,569.0,2073600,7,3,5,0,96
689,15.6,1.6,4,500,2.1,318.0,1049088,10,3,5,2,44
690,14.0,1.6,4,32,1.45,375.0,1049088,0,3,1,2,44
691,14.0,2.5,4,256,1.7,699.0,2073600,10,3,5,2,52
692,17.3,2.8,8,500,3.14,1907.99,2073600,7,5,5,3,62
693,14.0,2.7,8,256,1.42,2590.0,3686400,10,0,5,2,52
694,13.3,2.5,8,256,1.5,973.0,2073600,16,3,5,2,52
695,11.6,1.6,4,32,1.4,269.0,1049088,0,2,5,2,39
696,14.0,2.7,16,512,1.38,1749.0,2073600,10,0,5,2,52
697,12.5,0.9,4,64,1.2,669.0,2073600,2,0,1,2,45
698,13.3,2.5,16,512,1.36,1877.0,2073600,16,4,5,2,46
699,15.6,2.7,4,500,2.1,689.0,2073600,7,3,5,0,74
700,15.6,2.5,8,1024,2.56,819.0,2073600,4,1,5,3,14
701,15.6,2.9,4,256,2.2,399.0,2073600,10,3,5,0,74
702,15.6,3.6,8,1024,2.2,429.0,1049088,10,3,5,0,92
703,15.6,2.5,4,2048,2.1,621.45,2073600,10,3,5,2,52
704,15.6,2.0,4,500,1.9,450.0,1049088,10,3,4,2,46
705,15.6,2.5,8,256,2.18,795.0,2073600,4,3,5,2,52
706,13.3,1.6,8,256,1.6,999.0,2073600,0,0,5,2,105
707,15.6,2.5,16,512,2.18,1855.0,2073600,10,5,7,3,68
708,14.0,2.3,8,256,1.8,1191.0,2073600,10,3,5,2,46
709,17.3,2.5,6,2048,2.71,655.01,2073600,7,3,5,0,74
710,15.6,2.8,8,1152,2.5,1249.0,2073600,10,1,5,3,15
711,14.0,2.8,8,256,1.64,1089.0,2073600,4,3,2,3,9
712,15.6,2.5,8,1024,1.98,726.0,2073600,4,3,2,2,52
713,14.0,1.1,4,32,1.5,298.0,2073600,2,3,5,2,42
714,15.6,2.6,16,512,1.93,1426.66,2073600,4,3,5,2,52
715,14.0,2.5,8,256,1.87,857.07,2073600,10,3,5,3,7
716,15.6,2.6,8,256,1.9,1179.0,2073600,4,3,5,2,52
717,15.6,2.0,4,500,2.19,298.0,1049088,10,3,5,0,82
718,14.0,1.92,4,32,1.4,265.0,2304000,12,3,5,2,40
719,17.3,2.7,8,256,2.63,1200.0,2073600,7,3,5,3,9
720,14.0,2.5,8,512,1.17,1686.64,3686400,10,4,5,2,46
721,13.3,2.5,8,256,1.58,836.6,1049088,7,0,5,2,52
722,14.0,2.5,8,256,1.32,1499.0,2073600,10,4,5,2,52
723,17.3,2.8,32,2048,4.36,3659.4,8294400,4,1,5,3,19
724,17.3,2.8,8,1152,2.7,1348.48,2073600,11,1,5,3,15
725,15.6,2.5,4,1024,1.9,489.9,1049088,10,3,4,2,52
726,15.6,1.6,8,1152,2.2,719.0,2073600,4,3,5,0,74
727,13.3,2.4,4,1024,1.71,649.0,2073600,4,0,5,2,52
728,15.6,2.5,8,1024,2.32,589.52,1049088,4,3,2,0,97
729,15.6,3.0,4,1024,2.1,489.0,2073600,7,3,5,0,73
730,17.3,2.6,16,1152,4.2,1935.0,2073600,0,1,5,3,18
731,15.6,2.5,12,1024,2.25,649.0,1049088,4,3,5,2,52
732,15.6,3.0,6,1152,2.1,650.0,2073600,7,3,5,0,73
733,15.6,2.5,4,500,2.4,559.0,1049088,0,3,5,2,52
734,13.3,2.5,8,256,1.44,960.0,2073600,10,3,5,2,52
735,15.6,2.7,4,1024,1.85,779.0,2073600,10,3,5,2,52
736,15.6,2.8,16,256,2.6,2419.0,2073600,7,5,5,3,64
737,13.3,1.6,8,1024,1.55,659.0,2073600,4,0,5,2,105
738,15.6,2.8,16,1280,1.8,2094.48,2073600,11,1,5,3,18
739,15.6,2.0,4,500,2.4,410.8,1049088,0,3,5,2,46
740,15.6,2.7,8,1152,2.0,1207.0,2073600,4,3,5,3,11
741,15.6,2.0,8,256,2.0,665.0,1049088,4,3,5,2,46
742,14.0,2.5,8,256,1.25,1535.0,2073600,16,3,5,2,52
743,14.0,2.5,8,256,1.7,999.0,2073600,10,0,5,2,52
744,15.6,2.8,16,1024,2.5,3299.0,8294400,10,5,5,3,68
745,14.0,1.6,2,32,1.68,330.0,1049088,0,3,1,2,40
746,13.3,2.7,16,256,0.81,1649.0,2073600,15,4,5,2,52
747,15.6,2.0,8,256,1.86,539.0,2073600,7,3,5,2,46
748,14.0,2.5,8,256,1.6,1126.71,1049088,4,3,5,2,52
749,17.3,2.9,16,256,3.0,4389.0,2073600,7,5,7,3,63
750,11.6,1.6,4,128,1.4,475.0,1049088,10,2,5,2,40
751,15.6,2.4,8,256,1.84,1900.0,2073600,7,3,5,2,46
752,15.6,2.3,4,1024,2.45,579.0,1049088,2,3,4,3,25
753,14.0,2.3,4,180,1.7,1096.0,2073600,10,4,5,2,46
754,15.6,2.7,4,256,2.37,849.9,1049088,2,3,5,2,52
755,13.3,1.8,8,256,1.3,1199.0,5760000,10,0,5,2,49
756,15.6,2.5,8,1152,2.2,1099.0,2073600,7,3,5,3,14
757,15.6,2.6,8,256,2.59,1561.0,2073600,7,5,7,3,61
758,15.6,2.8,16,1280,4.42,2868.99,8294400,4,1,5,3,19
759,15.6,2.5,4,256,2.1,599.0,1049088,0,3,5,2,52
760,15.6,2.8,8,1152,2.5,1048.0,2073600,10,1,5,3,14
761,12.5,2.8,16,256,1.18,1859.0,2073600,4,4,5,2,52
762,12.3,1.2,8,256,1.1,1559.0,3840000,6,4,1,2,51
763,13.3,2.5,8,256,1.2,1129.0,5760000,2,4,5,2,52
764,13.3,2.0,4,500,1.65,849.0,1049088,4,3,5,2,46
765,13.3,2.3,4,128,1.6,655.0,1049088,0,3,5,2,46
766,17.3,1.1,4,1024,2.8,470.34,1049088,2,3,5,3,7
767,15.6,2.6,16,1152,2.72,1099.0,8294400,4,1,5,3,28
768,13.3,2.7,8,256,1.31,1599.0,2073600,15,4,5,2,52
769,15.6,1.1,4,1024,2.1,298.0,1049088,0,3,2,2,43
770,15.6,2.7,16,256,2.3,1181.27,2073600,4,3,5,0,97
771,15.0,2.7,16,256,1.71,1799.0,2073600,15,0,5,0,75
772,14.0,2.3,4,128,1.75,1020.0,1049088,16,3,5,2,46
773,15.6,2.8,8,1024,2.62,1099.0,2073600,4,1,5,3,14
774,12.5,2.3,4,256,1.26,1244.0,1049088,7,4,5,2,46
775,15.6,2.7,12,2048,2.3,839.0,2073600,2,0,5,3,11
776,15.6,2.7,16,512,2.5,2370.0,8294400,10,3,7,3,63
777,14.0,2.4,4,128,1.8,636.0,2073600,0,3,5,2,52
778,14.0,2.8,16,512,1.95,2899.0,2073600,14,1,5,3,18
779,15.6,1.1,8,128,2.0,581.9,2073600,2,3,5,2,43
780,17.3,2.8,32,2048,4.42,3588.8,2073600,4,1,5,3,20
781,17.3,2.6,16,1280,4.3,2350.0,2073600,2,1,5,3,19
782,14.0,2.6,16,512,1.47,1764.0,2073600,16,4,5,3,8
783,15.6,1.6,8,1024,2.2,329.0,1049088,10,3,4,2,41
784,14.0,2.7,16,512,1.7,2299.0,2073600,10,4,5,2,52
785,14.0,2.8,16,1280,1.6,1891.0,2073600,11,1,5,3,18
786,15.6,2.5,8,1152,2.2,1089.0,2073600,11,1,5,3,14
787,15.6,2.8,4,1024,2.4,999.0,2073600,10,1,5,3,14
788,17.3,2.8,16,1280,4.2,2299.0,2073600,0,1,5,3,18
789,15.6,2.5,8,256,2.62,985.0,2073600,4,1,5,3,14
790,15.6,2.8,8,1152,2.24,1339.0,2073600,2,1,5,3,34
791,14.0,1.1,4,32,1.22,202.9,2073600,17,3,5,2,42
792,13.3,2.7,8,512,1.37,1970.0,2073600,10,0,5,2,52
793,15.6,2.5,8,256,2.08,959.0,2073600,10,0,5,0,98
794,12.0,1.2,8,512,0.92,1165.0,3317760,1,4,3,2,48
795,14.0,2.5,8,256,1.42,2330.0,3686400,10,0,5,2,52
796,14.0,1.1,4,32,1.63,299.0,1049088,2,3,5,2,42
797,15.6,2.5,8,128,1.95,810.0,1049088,4,3,5,2,52
798,13.9,2.7,8,256,1.38,1349.0,2073600,10,0,5,2,52
799,15.6,2.0,8,256,2.0,739.0,2073600,4,3,5,0,90
800,15.6,2.8,8,256,3.14,2064.9,2073600,7,5,5,3,64
801,15.6,2.5,8,256,2.37,1099.0,2073600,2,3,5,2,52
802,13.3,2.5,8,256,1.29,1499.0,2073600,4,4,5,2,52
803,15.6,2.5,8,256,2.06,1749.0,8294400,4,3,5,3,14
804,11.6,1.1,4,128,1.63,744.0,1049088,4,2,5,2,43
805,12.5,2.6,8,256,1.26,1389.0,1049088,7,2,5,2,52
806,15.6,2.3,4,500,2.1,780.0,1049088,16,3,5,2,46
807,15.6,2.5,8,2048,2.04,629.0,1049088,7,3,5,0,93
808,15.6,2.8,16,512,2.62,1679.0,8294400,4,1,5,3,15
809,15.6,2.5,4,1024,2.4,609.0,2073600,10,3,5,3,6
810,17.3,2.8,12,1024,3.74,1749.0,2073600,7,1,5,0,104
811,17.3,2.8,16,1536,2.9,2415.0,2073600,11,1,5,3,19
812,13.3,2.5,8,256,0.81,1499.0,2073600,15,4,5,2,52
813,15.6,2.7,8,1024,1.98,961.0,2073600,4,3,5,3,13
814,15.6,2.5,8,256,2.18,789.81,2073600,4,3,5,0,89
815,14.0,2.7,8,256,1.32,1859.0,2073600,10,4,5,2,52
816,12.5,2.5,16,512,1.29,1799.0,8294400,14,4,5,2,52
817,11.6,1.6,4,16,1.23,385.0,1049088,7,2,1,2,40
818,17.3,2.8,16,1152,4.36,2505.02,2073600,4,1,5,3,18
819,14.0,2.3,4,500,1.76,755.0,1049088,4,3,5,2,46
820,15.6,2.0,4,500,2.1,489.9,1049088,10,3,5,2,46
821,14.0,2.5,4,128,1.25,1090.0,1049088,16,4,5,2,52
822,14.0,2.7,8,512,1.13,2499.0,2073600,10,4,5,2,52
823,15.6,2.5,8,256,2.4,1199.0,2073600,11,1,5,3,14
824,14.0,2.5,8,256,1.13,1875.0,2073600,10,4,5,2,52
825,14.0,2.1,4,128,1.75,499.0,1049088,16,3,5,2,44
826,13.3,2.5,8,256,1.1,1358.0,2073600,2,0,5,2,52
827,14.0,2.0,4,500,1.76,585.0,1049088,4,3,5,2,46
828,11.6,1.6,4,32,1.35,355.0,1049088,0,2,1,2,40
829,14.0,2.4,8,128,1.5,619.0,2073600,0,3,5,2,52
830,17.3,2.9,32,512,3.49,5499.0,8294400,14,1,5,3,21
831,14.0,2.6,16,512,1.1,2099.0,3686400,10,4,5,2,46
832,15.6,2.5,4,1024,2.1,519.0,2073600,2,3,2,3,5
833,14.0,2.3,8,256,1.7,1186.0,2073600,10,3,5,2,46
834,14.0,2.6,8,256,1.32,1650.0,2073600,10,3,5,2,52
835,15.6,2.8,16,1280,3.21,2774.63,2073600,4,1,5,3,19
836,17.3,2.8,16,1280,2.9,2419.0,2073600,2,1,5,3,19
837,15.6,2.4,4,500,2.0,669.0,1049088,16,3,5,2,52
838,14.0,1.6,4,16,1.5,325.0,1049088,10,3,1,2,40
839,15.6,2.5,8,128,2.3,590.0,2073600,2,3,5,2,52
840,17.3,2.6,16,1536,2.73,1799.0,2073600,2,1,5,3,18
841,17.3,2.8,32,1536,4.42,3072.89,2073600,4,1,5,3,19
842,17.3,2.5,8,1024,2.63,910.0,1440000,7,3,5,3,9
843,15.6,2.5,8,128,2.18,713.99,1049088,4,3,5,2,52
844,14.0,2.5,8,512,1.54,1870.0,2073600,7,4,7,2,46
845,15.6,2.7,4,256,2.18,739.0,2073600,4,3,5,0,89
846,11.6,1.1,4,32,1.4,615.0,1049088,7,0,1,2,42
847,13.3,2.3,8,512,1.45,1026.0,2073600,2,4,5,3,10
848,13.3,2.5,8,256,1.28,2277.0,2073600,7,0,5,2,52
849,14.0,2.5,8,512,1.54,1468.0,2073600,7,4,5,2,46
850,15.6,1.6,4,128,1.86,299.0,1049088,7,3,4,2,40
851,15.6,2.8,16,1152,2.1,1899.0,2073600,2,1,5,3,18
852,17.3,2.7,8,1024,2.83,865.0,2073600,4,3,2,0,97
853,14.0,2.8,8,256,1.96,1903.0,2073600,10,4,5,3,13
854,15.6,2.7,8,256,2.3,787.0,2073600,2,3,5,3,22
855,15.6,2.5,8,128,1.9,945.0,2073600,4,3,5,2,52
856,15.6,1.1,4,1024,2.0,449.0,1049088,2,3,5,2,43
857,13.3,2.8,8,256,1.28,2559.0,2073600,7,0,5,2,52
858,13.3,2.3,8,1024,1.62,649.0,2073600,4,3,5,2,46
859,15.6,2.0,4,1024,2.2,469.0,2073600,10,3,4,2,46
860,15.6,2.5,8,1024,2.3,850.66,2073600,10,3,5,2,52
861,15.6,2.6,8,256,1.84,1349.0,2073600,7,3,5,0,99
862,13.3,2.5,4,128,1.05,1285.0,2073600,16,3,5,2,52
863,15.6,2.5,8,1024,2.5,1017.0,2073600,10,1,4,3,14
864,13.3,2.5,16,512,1.29,2240.0,5760000,4,4,5,2,56
865,15.6,2.3,4,500,2.07,910.0,2073600,7,3,5,2,46
866,13.3,2.3,8,256,1.2,1095.0,1049088,16,4,5,2,46
867,13.3,2.7,8,256,1.37,1950.0,2073600,10,0,5,2,52
868,14.0,2.5,8,256,1.56,902.0,2073600,0,3,5,2,52
869,15.6,2.8,8,1024,2.23,1778.0,2073600,4,5,5,3,69
870,15.6,2.5,4,500,2.38,1055.0,1049088,10,3,5,2,52
871,15.6,2.0,4,1024,2.2,479.0,2073600,10,3,4,0,91
872,15.6,2.7,8,256,2.0,1388.0,2073600,16,3,5,2,52
873,13.3,2.4,4,180,1.44,735.0,2073600,10,3,5,2,52
874,15.0,2.7,16,256,1.23,1849.0,2073600,15,4,5,3,11
875,12.5,2.8,8,256,1.6,1690.0,2073600,4,4,5,2,52
876,15.6,1.1,4,1024,2.0,398.99,1049088,2,3,2,2,43
877,13.3,2.3,8,256,1.28,935.0,2073600,18,4,5,3,11
878,15.6,2.5,4,1152,2.18,912.5,2073600,4,3,5,3,11
879,15.6,2.5,4,256,2.04,839.0,2073600,7,3,5,2,52
880,13.3,2.5,4,256,1.28,1700.0,2073600,7,0,5,2,52
881,15.6,2.5,4,500,2.3,684.8,1049088,7,0,5,2,52
882,14.1,1.1,4,32,1.65,348.0,1049088,2,3,5,2,42
883,15.6,2.5,8,1024,2.2,669.0,2073600,10,3,5,3,11
884,15.6,1.6,4,500,2.2,369.0,1049088,4,3,5,2,39
885,13.3,2.5,4,256,1.28,1799.0,2073600,7,0,5,2,52
886,15.6,2.0,4,1024,2.18,455.7,1049088,4,3,2,0,90
887,17.3,2.5,12,1152,2.2,1369.9,2073600,2,1,5,3,14
888,11.6,1.6,4,32,1.25,297.0,1049088,0,2,1,2,40
889,17.3,2.2,4,500,2.8,379.0,1440000,10,3,5,0,81
890,14.0,2.5,4,128,1.95,1265.0,2073600,7,3,5,2,52
891,13.3,2.7,16,256,1.42,1399.0,5760000,7,0,5,2,52
892,15.0,2.7,8,256,1.17,1699.0,2073600,15,4,5,2,52
893,14.0,2.5,8,256,1.32,1799.0,2073600,10,4,5,2,52
894,17.3,2.6,16,2560,2.43,2649.0,8294400,11,1,5,3,18
895,13.3,2.5,8,256,1.05,1475.0,2073600,16,3,5,2,52
896,15.6,2.8,8,1024,2.62,929.0,2073600,4,1,2,3,17
897,15.6,2.7,8,1024,2.04,900.0,2073600,7,3,5,3,9
898,15.6,2.0,4,1024,2.18,614.0,1049088,4,3,5,0,90
899,15.6,2.6,8,500,1.9,935.0,2073600,4,3,5,2,52
900,13.3,1.3,8,512,1.24,2013.1,5760000,4,0,5,2,51
901,17.3,2.7,32,512,3.58,1279.0,2073600,2,1,5,3,32
902,13.3,1.3,16,256,1.22,1649.0,2073600,4,0,5,2,51
903,14.0,2.7,8,256,1.13,2049.0,2073600,10,4,5,2,52
904,15.6,2.5,8,512,1.95,1962.99,2073600,10,3,5,2,52
905,15.6,2.7,16,512,1.08,2099.0,2073600,9,4,5,2,52
906,12.5,2.7,8,512,1.26,1483.0,2073600,7,2,5,2,52
907,15.6,1.5,4,16,2.2,359.0,2073600,0,3,1,2,39
908,15.6,2.3,8,1152,2.6,789.0,2073600,10,3,5,3,28
909,14.0,2.7,8,512,0.98,1899.0,2073600,9,4,5,2,52
910,14.0,2.8,8,256,1.6,1205.0,2073600,4,3,5,2,52
911,12.5,1.2,8,240,1.09,3100.0,8294400,7,4,5,2,45
912,15.6,2.7,6,256,2.2,789.0,2073600,10,3,5,3,11
913,15.6,2.7,8,256,2.04,1018.99,2073600,7,3,5,3,9
914,15.6,2.4,4,1024,2.4,499.0,2073600,0,3,5,2,52
915,13.3,2.5,4,128,1.44,881.0,2073600,10,3,5,2,52
916,13.3,2.5,8,256,1.49,960.0,2073600,7,3,5,2,52
917,17.3,2.8,16,1280,2.7,1599.0,2073600,11,1,5,3,15
918,15.6,2.8,16,1152,2.6,1349.0,2073600,4,1,5,3,15
919,15.6,2.5,8,1152,2.2,1119.91,2073600,11,1,5,3,14
920,15.6,2.5,4,1024,2.18,684.99,1049088,4,3,5,0,89
921,15.6,2.5,8,256,1.84,1296.99,2073600,7,4,5,0,95
922,13.3,2.7,8,256,1.39,1149.0,5760000,7,4,5,2,52
923,15.6,2.6,16,256,2.4,1975.0,2073600,16,3,5,3,8
924,13.3,2.5,8,512,1.37,1825.0,2073600,10,0,5,2,52
925,15.6,2.3,4,500,1.95,729.9,1049088,4,3,5,2,46
926,12.5,2.7,8,256,1.36,1650.0,2073600,10,4,5,2,52
927,15.6,2.3,8,256,2.31,1165.0,2073600,7,3,5,2,46
928,15.6,2.5,4,1024,2.18,708.06,1049088,4,3,5,2,52
929,14.0,2.3,4,500,1.95,1149.0,1049088,7,3,5,2,46
930,15.6,1.1,4,1024,2.2,309.0,1049088,10,3,5,2,43
931,12.5,2.3,4,500,1.26,1579.0,2073600,7,4,5,2,46
932,15.6,1.6,4,1024,1.86,288.9,1049088,7,3,4,2,40
933,13.3,2.2,16,1024,1.3,1799.0,5760000,10,0,5,2,54
934,14.0,2.3,4,128,1.47,1105.0,2073600,16,3,5,2,46
935,12.5,2.3,8,256,1.26,1669.0,2073600,7,2,5,2,46
936,15.6,2.0,4,1024,2.18,558.6,1049088,4,3,5,2,46
937,15.6,2.8,8,1152,2.2,1199.0,2073600,11,1,5,3,14
938,14.0,2.5,8,256,1.36,1639.0,2073600,4,4,5,2,52
939,17.3,2.7,16,1536,4.36,2758.0,3686400,4,1,5,3,21
940,17.3,2.3,8,1152,2.75,1399.0,2073600,7,1,5,3,29
941,17.3,1.6,4,1024,2.8,530.0,1440000,2,3,5,3,7
942,15.6,2.5,4,500,2.23,619.0,1049088,0,3,5,2,52
943,15.6,2.3,8,256,2.2,1119.0,1049088,16,3,5,2,46
944,11.3,1.2,8,256,1.1,1299.0,2073600,10,0,5,2,45
945,15.6,2.1,16,1536,2.5,999.0,2073600,10,1,5,0,100
946,12.5,2.5,8,256,1.36,1472.2,2073600,4,4,5,2,39
947,15.6,2.7,8,1024,2.2,685.0,2073600,10,3,4,3,7
948,17.3,2.0,4,1024,2.36,659.0,1440000,4,3,5,0,97
949,14.0,1.6,4,32,1.68,349.0,1049088,0,3,1,2,40
950,15.6,2.7,8,8,2.0,2249.0,2073600,7,5,5,3,61
951,14.0,2.8,8,256,1.36,1775.0,2073600,4,4,5,2,52
952,13.3,2.3,8,256,1.2,1460.0,2073600,16,3,7,2,46
953,12.5,1.2,8,64,1.2,1159.0,2073600,2,0,1,2,45
954,14.0,2.6,8,256,1.7,1488.99,2073600,10,4,5,2,46
955,17.3,2.8,16,1536,4.36,3154.0,8294400,4,1,5,3,19
956,13.3,1.2,8,256,1.24,1899.0,2073600,4,0,5,2,51
957,11.6,1.1,4,256,1.45,775.0,1049088,7,0,5,2,43
958,13.3,2.5,8,256,1.3,1268.0,5760000,4,4,5,2,46
959,11.6,1.6,4,32,1.25,389.0,1049088,0,0,1,2,40
960,13.3,2.4,8,256,1.2,1535.0,2073600,16,3,5,2,46
961,12.5,2.6,8,256,1.36,1760.0,2073600,10,4,5,2,52
962,15.6,2.5,12,1152,2.4,1009.0,2073600,0,3,5,3,25
963,12.5,2.7,8,512,1.1,1790.0,2073600,16,4,5,2,52
964,15.6,2.5,8,1024,2.04,846.5,1049088,7,3,5,3,9
965,15.6,2.0,4,1024,2.25,465.62,1049088,4,3,2,0,91
966,15.6,2.5,4,500,1.9,825.0,1049088,4,3,5,2,52
967,15.6,2.4,4,500,2.04,685.0,2073600,7,3,5,2,52
968,17.3,2.8,32,1280,4.42,3149.0,2073600,4,1,5,3,19
969,15.6,2.5,6,256,2.4,695.0,2073600,10,3,5,3,7
970,13.3,1.3,16,512,1.22,1899.0,5760000,4,0,5,2,51
971,14.0,2.6,8,256,1.5,1962.98,3686400,4,4,5,2,46
972,17.3,2.6,32,1280,4.42,2800.0,2073600,4,1,5,3,19
973,14.0,2.3,8,256,1.95,1180.0,2073600,16,3,5,2,46
974,17.3,2.8,16,1280,2.73,2049.9,2073600,2,1,5,3,18
975,15.6,2.7,8,1152,2.04,979.0,2073600,7,3,5,3,9
976,14.0,2.3,4,508,1.7,1002.0,1049088,10,3,7,2,46
977,15.6,2.7,16,2560,2.3,1799.0,8294400,2,0,5,3,25
978,15.6,2.7,6,1024,2.04,579.0,1049088,7,3,5,2,52
979,17.3,2.8,16,1280,2.99,1749.0,2073600,2,1,5,3,15
980,15.6,2.7,12,512,2.19,1299.0,2073600,4,0,5,2,52
981,13.3,2.3,4,128,1.2,1195.0,2073600,16,3,7,2,46
982,15.6,3.6,6,256,2.2,549.0,2073600,10,3,5,0,74
983,15.6,2.3,4,256,2.3,649.0,1049088,5,3,5,2,46
984,14.0,2.3,4,500,1.75,915.0,1049088,16,3,5,2,46
985,15.6,2.5,4,500,2.25,599.0,1049088,4,3,5,0,91
986,15.6,2.5,8,1024,2.04,806.0,2073600,7,3,5,2,52
987,15.6,2.8,8,1152,2.5,1189.0,2073600,10,1,5,3,18
988,15.6,2.7,8,1024,2.36,749.0,1049088,4,3,5,0,97
989,14.0,2.5,8,128,1.6,1119.0,2073600,4,3,5,2,52
990,12.5,1.2,8,512,0.97,1908.0,2073600,7,2,5,2,45
991,15.6,2.0,4,1152,2.1,499.0,2073600,7,3,5,0,73
992,15.6,1.1,4,128,1.9,270.62,1049088,10,3,4,2,42
993,15.6,2.3,8,256,2.3,1349.0,2073600,10,3,5,2,46
994,13.3,2.5,8,256,1.68,889.0,2073600,4,0,5,2,52
995,13.3,2.5,8,256,1.4,1150.0,5760000,2,3,5,2,52
996,13.3,2.7,8,256,1.11,1349.0,2073600,7,4,5,2,52
997,15.6,1.1,4,500,2.4,380.0,1049088,0,3,5,2,43
998,15.6,2.8,16,1280,2.5,1799.0,2073600,2,1,5,3,15
999,14.0,2.7,8,512,1.48,2089.0,2073600,7,4,5,2,52
1000,15.6,2.8,8,1152,2.7,1260.0,2073600,0,1,5,3,14
1001,13.3,2.5,8,256,1.34,1189.0,2073600,7,3,5,2,52
1002,15.6,2.4,4,128,2.18,547.0,1049088,4,3,5,2,52
1003,14.0,2.5,4,500,1.64,779.0,1049088,7,3,5,2,52
1004,13.3,2.3,4,128,1.2,1195.0,2073600,16,3,5,2,46
1005,14.0,2.4,4,256,1.48,1099.99,1049088,7,3,5,2,46
1006,14.0,2.5,4,256,1.95,1205.0,2073600,7,3,5,2,52
1007,14.0,2.6,8,256,1.43,1449.0,2073600,7,4,7,2,46
1008,14.0,2.5,8,256,1.64,1049.26,2073600,7,3,5,3,9
1009,14.0,2.4,4,500,1.64,684.0,1049088,7,3,5,2,52
1010,15.6,2.5,8,0,2.65,949.0,2073600,4,1,5,3,14
1011,12.5,2.5,4,500,1.26,1539.0,2073600,7,4,5,2,52
1012,14.0,2.5,4,256,1.48,1590.0,2073600,7,3,5,2,52
1013,14.0,2.5,8,256,1.54,1887.21,2073600,7,4,5,2,46
1014,13.3,2.4,4,500,1.49,800.0,1049088,7,3,5,2,52
1015,13.3,2.3,8,256,1.5,1210.0,1049088,16,3,5,2,46
1016,15.6,2.4,4,256,2.04,769.99,1049088,7,3,5,2,52
1017,17.3,2.7,16,512,2.4,2968.0,8294400,10,3,7,3,60
1018,14.0,2.3,8,256,1.47,1490.0,2073600,16,3,5,2,46
1019,14.0,2.5,8,256,1.43,2229.0,2073600,7,3,5,2,46
1020,15.6,2.3,4,1024,2.08,795.99,2073600,4,0,5,2,46
1021,13.3,2.3,8,256,1.2,1590.0,2073600,16,4,5,2,46
1022,13.3,2.5,8,256,1.11,1149.0,2073600,7,3,5,2,52
1023,14.0,2.7,8,256,1.64,1185.43,2073600,7,3,5,3,9
1024,15.6,2.4,8,500,2.09,1046.44,2073600,4,3,5,2,46
1025,12.5,2.5,4,256,1.26,1559.0,1049088,7,4,5,2,52
1026,14.0,2.5,4,500,2.31,1189.0,1049088,7,3,5,2,52
1027,14.0,2.5,4,500,1.95,1060.0,1049088,7,3,5,2,52
1028,13.3,2.5,8,256,1.29,1624.0,5760000,4,4,5,2,52
1029,17.3,2.5,8,256,2.63,1080.0,2073600,7,3,5,3,9
1030,14.0,2.5,4,256,1.64,973.0,1049088,7,3,5,2,52
1031,15.6,3.0,6,1024,2.1,409.0,1049088,0,3,5,0,84
1032,17.3,2.8,8,1152,2.7,1191.8,2073600,11,1,5,3,14
1033,14.0,2.3,8,256,1.95,1195.0,2073600,7,3,7,2,46
1034,15.6,2.5,8,256,1.84,1228.99,2073600,7,3,5,2,46
1035,12.5,2.5,8,256,1.26,1349.0,2073600,7,4,5,2,46
1036,15.6,2.5,4,500,2.04,742.0,1049088,7,3,5,2,52
1037,14.0,2.6,8,256,1.47,1725.0,2073600,16,4,5,2,46
1038,15.6,2.4,8,256,2.09,1062.95,2073600,4,3,7,2,46
1039,14.0,2.5,8,256,1.64,1010.51,2073600,7,3,5,2,52
1040,15.6,2.5,4,256,1.8,847.0,2073600,10,0,5,2,46
1041,14.0,1.44,2,32,1.45,210.8,1049088,17,3,5,2,40
1042,15.6,2.5,16,256,2.4,1425.0,2073600,16,3,5,3,8
1043,15.6,2.3,8,256,2.3,1049.6,2073600,10,3,5,2,46
1044,14.0,2.3,4,500,1.54,1000.0,2073600,7,3,5,2,46
1045,15.6,2.4,8,756,1.84,2103.34,2073600,7,3,5,2,46
1046,14.0,2.3,8,256,1.43,1469.0,2073600,7,3,7,2,46
1047,17.3,2.7,16,1280,3.78,1545.64,2073600,11,1,5,3,32
1048,17.3,2.6,16,1152,4.6,2289.99,2073600,10,1,5,3,32
1049,11.6,1.6,4,16,1.2,287.9,1049088,2,2,1,2,40
1050,14.0,2.6,16,256,1.1,2620.0,3686400,10,3,7,2,46
1051,15.6,2.7,8,1024,1.91,979.0,2073600,7,3,5,3,11
1052,15.6,2.7,8,256,2.3,1094.0,2073600,4,0,5,2,52
1053,15.6,2.5,4,256,2.04,979.0,1049088,7,3,5,2,52
1054,13.3,2.7,16,1024,1.2,2254.0,5760000,4,4,5,2,52
1055,15.6,2.3,4,500,2.31,705.15,1049088,7,3,5,2,46
1056,15.6,2.5,4,500,1.96,499.0,1049088,7,3,4,2,52
1057,15.6,2.2,8,1024,2.4,449.0,1049088,0,3,5,0,84
1058,13.3,2.7,12,256,1.6,1299.0,2073600,4,0,5,2,52
1059,15.6,2.6,16,1280,2.94,1819.0,2073600,11,1,5,3,18
1060,15.6,2.7,8,256,2.04,1070.0,2073600,7,3,5,2,52
1061,17.3,2.6,16,1024,4.0,998.0,2073600,2,1,4,3,29
1062,15.6,2.5,4,1024,2.25,559.0,2073600,4,3,5,2,39
1063,15.6,2.7,16,2048,2.32,989.99,2073600,4,3,5,0,97
1064,15.6,2.6,16,1280,1.8,1929.0,2073600,11,1,5,3,18
1065,13.3,2.7,8,256,1.29,1458.0,2073600,4,4,5,2,52
1066,17.3,2.7,64,1024,3.58,3975.0,2073600,2,1,5,3,31
1067,13.3,2.5,8,256,1.62,798.01,2073600,4,0,5,2,46
1068,15.6,2.6,16,1280,3.21,1329.0,8294400,4,1,5,3,30
1069,12.0,1.1,8,256,0.92,1300.0,3317760,1,4,3,2,45
1070,15.6,2.3,4,500,2.06,481.98,1049088,4,3,5,2,46
1071,15.6,2.3,4,500,2.31,1199.0,1049088,7,3,5,2,46
1072,12.5,2.3,8,256,1.26,1199.0,2073600,7,4,7,2,46
1073,13.3,2.7,8,256,1.49,1090.0,2073600,7,3,5,2,52
1074,12.5,2.5,8,256,1.3,1713.49,2073600,10,4,5,2,46
1075,17.3,2.3,8,0,3.0,659.0,1440000,10,3,5,0,88
1076,15.6,2.3,4,1024,2.3,977.0,2073600,10,3,5,3,25
1077,17.3,2.8,16,1280,3.78,2499.0,2073600,11,1,5,3,19
1078,15.6,2.3,4,500,2.1,540.0,1049088,10,3,5,2,46
1079,15.6,2.3,4,500,2.31,940.0,2073600,7,3,7,2,46
1080,12.5,1.2,8,512,0.99,1399.0,3686400,10,4,5,2,45
1081,17.3,2.7,32,512,4.6,3240.0,2073600,10,1,5,3,32
1082,10.1,1.44,4,64,0.69,646.27,2304000,10,0,5,2,40
1083,13.3,2.7,16,512,1.3,2049.0,8294400,7,4,5,2,52
1084,15.6,2.5,8,256,2.18,750.0,2073600,4,3,5,2,52
1085,14.0,2.3,4,500,1.54,1030.99,2073600,7,3,7,2,46
1086,15.6,2.5,8,256,1.9,1495.0,2073600,7,5,7,0,0
1087,14.0,2.3,8,180,1.7,1199.0,2073600,10,3,7,2,46
1088,13.3,1.5,4,32,1.29,615.0,5760000,7,3,1,2,45
1089,15.6,2.2,4,500,2.4,387.0,1049088,0,3,5,0,84
1090,15.6,1.6,4,500,2.2,393.49,1049088,4,3,2,2,39
1091,15.6,2.0,4,1024,1.86,345.99,1049088,7,3,4,2,46
1092,17.3,2.8,8,1280,2.7,1599.0,2073600,2,1,5,3,18
1093,13.3,1.6,4,256,1.4,818.35,2073600,4,4,5,0,74
1094,12.5,2.3,4,128,2.4,1599.0,1049088,7,2,7,2,46
1095,15.6,2.5,8,1280,2.4,799.0,2073600,0,3,5,3,25
1096,15.6,2.5,8,1024,2.36,638.8,2073600,4,3,5,0,97
1097,17.3,2.6,8,256,2.6,1599.0,2073600,11,1,5,3,29
1098,15.6,1.6,4,1024,1.96,500.0,1049088,7,3,5,2,41
1099,17.3,2.6,16,1152,4.3,2299.0,2073600,2,1,5,3,32
1100,12.5,2.3,4,500,1.5,1135.15,1049088,4,4,7,2,46
1101,12.5,2.3,4,128,1.5,1166.97,1049088,4,4,7,2,46
1102,15.6,1.5,4,16,2.2,209.0,1049088,0,3,1,2,39
1103,17.3,2.6,8,1024,3.0,2899.0,2073600,7,5,7,0,2
1104,15.6,2.8,16,512,2.4,1199.0,2073600,10,1,5,3,15
1105,12.5,2.3,8,256,1.5,1413.1,1049088,4,4,7,2,46
1106,17.3,2.6,8,1152,2.9,1511.19,2073600,11,1,5,3,28
1107,15.6,2.3,4,256,2.1,867.0,2073600,10,0,5,2,46
1108,15.6,2.5,4,1024,2.1,398.0,2073600,7,3,5,0,82
1109,15.6,2.6,16,1152,2.59,1339.0,2073600,2,1,5,3,28
1110,13.3,1.1,8,256,1.16,1699.0,5760000,7,3,5,2,45
1111,15.6,2.3,4,500,2.24,769.15,1049088,4,3,7,0,87
1112,15.6,2.0,4,128,2.1,429.0,1049088,10,3,5,2,46
1113,13.3,2.5,8,512,1.16,1969.0,2073600,7,4,5,2,46
1114,10.1,1.44,4,64,0.69,549.0,2304000,10,0,0,2,40
1115,13.3,2.4,8,256,1.23,1379.0,2073600,4,4,5,2,56
1116,17.3,2.7,16,256,4.6,2749.99,2073600,10,1,5,3,32
1117,12.5,2.5,8,256,1.25,1029.0,8294400,14,4,5,2,46
1118,13.3,2.7,16,512,1.05,2226.0,2073600,16,4,5,2,52
1119,17.3,2.6,8,1152,3.52,1312.49,2073600,2,1,5,3,28
1120,13.3,1.44,4,32,1.35,196.0,2073600,17,3,5,2,40
1121,13.3,2.3,8,256,1.16,1690.0,2073600,7,3,5,2,46
1122,14.0,2.3,8,256,1.43,1513.0,2073600,7,3,7,2,46
1123,15.6,2.3,4,500,2.09,523.63,1049088,4,3,2,2,46
1124,15.6,2.4,4,1024,2.0,435.0,1049088,2,3,5,2,52
1125,14.0,2.5,8,256,1.8,1669.0,2073600,10,0,5,2,46
1126,10.1,1.44,4,64,0.69,479.0,2304000,10,0,5,2,40
1127,12.5,2.4,8,256,1.26,1895.0,1049088,7,4,7,2,46
1128,15.6,2.5,8,1152,2.4,989.0,2073600,10,1,4,3,18
1129,17.3,2.3,8,1152,3.35,1129.0,2073600,7,1,5,3,18
1130,15.6,2.7,8,2048,2.04,629.0,1049088,7,3,5,2,52
1131,14.0,2.6,8,512,1.8,2050.38,2073600,10,0,7,3,67
1132,14.0,1.1,4,32,1.5,278.0,1049088,2,3,5,2,42
1133,15.6,2.7,8,256,1.84,752.0,2073600,7,4,5,2,52
1134,15.6,2.5,4,1024,2.23,616.0,2073600,0,3,5,3,11
1135,15.6,2.5,16,0,2.5,1099.0,2073600,10,3,5,0,94
1136,17.3,2.6,8,256,3.0,3949.4,2073600,7,5,7,3,66
1137,15.6,2.5,8,1024,2.5,784.0,1049088,4,3,5,0,97
1138,17.3,2.7,16,1280,3.78,2399.0,2073600,11,1,5,3,32
1139,15.6,2.5,8,256,1.88,2171.72,2073600,7,4,7,2,46
1140,14.0,2.6,16,512,2.8,2440.0,3686400,10,0,5,2,46
1141,15.6,2.8,8,1152,2.4,1142.8,2073600,11,1,5,3,14
1142,13.3,2.4,8,256,1.48,1629.0,2073600,7,0,5,2,46
1143,15.6,2.6,8,256,2.59,2229.0,2073600,7,5,7,3,61
1144,13.3,2.6,8,256,1.48,1799.0,3686400,7,0,5,2,46
1145,15.6,2.6,8,256,2.0,1899.0,2073600,7,5,7,3,61
1146,12.5,2.5,8,256,1.26,2296.95,2073600,7,4,7,2,46
1147,15.6,2.7,8,256,2.18,1009.9,2073600,4,3,5,3,11
1148,15.6,2.3,8,256,1.88,1579.0,2073600,7,3,7,2,46
1149,14.0,2.5,8,256,1.27,2339.0,3686400,10,0,5,2,46
1150,15.6,2.0,4,1024,1.9,339.0,1049088,10,3,4,2,46
1151,15.6,1.8,4,500,1.86,297.0,1049088,7,3,5,0,80
1152,15.6,2.3,8,1024,2.32,599.0,2073600,10,3,4,0,88
1153,15.6,2.8,8,1024,2.62,1199.0,2073600,4,1,5,3,17
1154,15.6,2.3,8,256,2.04,2250.68,8294400,4,3,5,3,12
1155,15.6,2.5,4,256,1.91,478.89,2073600,7,3,5,0,73
1156,17.3,2.8,16,1280,2.7,1492.8,2073600,11,1,5,3,15
1157,14.0,2.6,12,512,1.4,2299.0,2073600,10,4,7,2,46
1158,15.6,2.3,8,0,2.5,788.49,2073600,10,3,5,0,88
1159,13.3,2.6,8,512,1.48,2041.0,3686400,7,0,5,2,46
1160,14.0,2.6,8,256,1.7,1499.0,2073600,10,4,7,2,46
1161,14.0,2.6,16,1280,1.7,1769.0,2073600,11,1,5,3,30
1162,15.6,2.8,8,1024,2.62,899.0,2073600,7,1,5,3,14
1163,15.6,2.0,8,1024,2.2,459.0,1049088,10,3,5,2,46
1164,15.6,2.3,4,500,2.1,476.99,1049088,7,3,4,2,46
1165,15.6,2.8,8,1152,2.62,1498.0,8294400,4,1,5,3,15
1166,15.6,2.5,8,256,1.95,1390.0,2073600,10,3,5,2,52
1167,15.6,2.0,4,1024,2.2,468.0,2073600,10,3,5,3,7
1168,14.0,1.6,2,32,1.44,249.0,1049088,7,3,5,2,40
1169,15.6,2.7,8,1024,2.2,839.0,2073600,11,1,5,3,14
1170,15.6,2.5,8,256,1.96,679.0,2073600,7,3,5,2,46
1171,15.6,1.8,16,512,2.1,1159.0,2073600,7,3,5,2,105
1172,15.6,1.6,4,500,2.2,369.0,1049088,2,3,5,2,39
1173,15.6,2.3,4,500,2.1,398.0,1049088,10,3,4,2,46
1174,15.6,2.7,8,1024,2.2,709.0,2073600,10,3,4,3,11
1175,14.0,2.4,4,256,2.0,769.0,2073600,2,3,5,2,52
1176,15.6,2.5,4,0,2.32,825.0,2073600,10,3,7,2,46
1177,15.6,2.6,16,512,3.31,1305.0,2073600,10,1,5,3,26
1178,15.6,2.6,16,1152,1.91,2153.37,2073600,11,1,5,3,30
1179,15.6,2.3,4,500,2.07,650.0,1049088,7,3,5,2,46
1180,14.0,2.3,8,256,1.36,1637.0,3686400,10,0,5,2,46
1181,15.6,2.7,6,256,1.54,831.0,2073600,10,4,5,3,6
1182,15.6,2.7,8,256,1.98,895.01,2073600,4,3,2,3,13
1183,15.6,2.0,4,500,2.1,333.0,1049088,0,3,5,2,42
1184,15.6,2.6,6,1024,2.18,799.0,2073600,7,3,5,3,28
1185,15.6,2.6,8,1280,2.591,909.0,2073600,2,1,5,3,28
1186,15.6,2.7,16,512,2.09,1179.0,2073600,4,0,5,2,52
1187,15.6,2.5,4,256,2.23,691.0,2073600,0,3,5,3,11
1188,13.3,2.4,8,256,1.23,1099.0,5760000,4,4,2,2,46
1189,17.3,2.8,16,1280,4.2,2599.0,2073600,0,1,5,3,19
1190,15.6,2.5,8,1024,2.4,819.0,2073600,10,1,5,3,14
1191,12.3,2.0,4,32,1.15,659.0,3840000,15,0,1,1,59
1192,15.6,2.5,4,500,1.86,485.0,1049088,7,3,5,2,52
1193,12.0,1.1,8,256,0.92,1163.0,3317760,1,4,3,2,48
1194,13.3,2.5,8,256,1.6,1199.0,2073600,4,0,5,2,52
1195,15.6,2.8,12,1152,2.21,1327.0,2073600,7,3,5,3,14
1196,15.6,2.0,4,1024,1.9,368.0,1049088,10,3,4,0,91
1197,17.3,2.6,16,1536,4.3,2150.0,2073600,2,1,5,3,32
1198,15.6,2.0,4,1024,2.1,272.0,1049088,0,3,2,2,42
1199,17.3,2.8,16,1280,2.43,2048.9,2073600,11,1,5,3,18
1200,15.6,2.0,4,128,2.3,499.0,1049088,4,3,5,0,96
1201,15.6,2.5,8,500,2.2,629.0,1049088,10,3,4,3,7
1202,15.6,1.8,16,512,2.0,1285.0,2073600,4,0,5,2,105
1203,13.3,2.7,16,512,1.2,2680.0,5760000,4,4,5,2,52
1204,15.6,2.6,8,1024,2.2,1169.0,2073600,2,1,5,3,18
1205,15.6,2.5,8,256,2.36,889.0,2073600,4,3,5,0,97
1206,15.6,2.5,8,256,1.91,579.0,1049088,7,3,5,2,52
1207,15.6,2.2,4,500,2.2,299.0,1049088,10,3,5,0,80
1208,17.3,2.0,8,1024,3.3,629.0,1440000,0,3,5,3,11
1209,15.6,2.8,16,1280,2.2,2449.0,2073600,2,1,5,3,19
1210,12.0,1.2,8,512,0.92,1279.0,3317760,1,4,3,2,45
1211,15.6,2.8,16,1152,2.2,1749.0,2073600,2,3,5,3,18
1212,17.3,2.6,16,1280,2.43,1948.99,2073600,11,1,5,3,18
1213,15.6,2.5,8,256,2.191,999.0,2073600,4,0,5,2,52
1214,17.3,2.8,16,1280,2.9,1949.0,2073600,2,1,5,3,18
1215,11.6,1.5,2,32,1.3,174.0,1049088,0,2,1,2,39
1216,17.3,2.0,4,1024,3.3,598.0,1440000,0,3,5,3,11
1217,17.3,2.5,8,1024,2.8,539.0,1440000,10,3,4,2,52
1218,15.6,2.6,8,1152,2.6,1272.0,2073600,10,1,5,3,27
1219,14.0,1.3,8,256,1.2,1149.0,2073600,0,0,5,2,51
1220,15.6,2.6,8,256,2.3,1529.0,2073600,10,3,5,2,46
1221,15.6,2.6,8,1152,2.2,1476.11,2073600,11,1,5,3,18
1222,15.6,2.7,6,1024,2.1,529.0,2073600,7,3,5,0,74
1223,12.5,2.4,8,256,1.26,1713.37,2073600,4,4,7,2,46
1224,15.0,2.4,4,500,2.08,509.0,2073600,4,0,5,2,52
1225,15.6,1.6,4,1024,2.65,309.0,1049088,2,3,5,2,41
1226,13.3,2.7,8,256,1.29,1477.0,5760000,4,4,5,2,52
1227,15.6,2.5,4,1024,2.18,521.86,1049088,4,3,2,2,46
1228,15.6,2.6,16,1152,2.6,1029.0,2073600,10,1,5,3,28
1229,15.6,2.8,8,1152,2.2,1149.0,2073600,11,1,5,3,14
1230,12.5,2.5,16,512,1.3,1650.0,2073600,10,2,5,2,46
1231,14.0,2.8,16,1024,1.95,3499.0,2073600,14,1,5,3,18
1232,15.6,2.4,8,1024,2.3,469.01,1049088,4,3,5,2,52
1233,17.3,2.8,16,1280,2.7,1598.0,2073600,11,1,5,3,18
1234,11.6,1.6,4,256,1.08,959.0,1049088,1,4,3,2,50
1235,15.6,2.0,4,1024,2.1,478.0,2073600,7,3,5,2,46
1236,14.0,2.5,8,256,1.54,2198.19,3686400,7,4,7,2,46
1237,15.6,2.3,4,500,2.24,737.0,1049088,4,3,7,2,46
1238,15.6,2.6,8,1152,2.3,1169.0,2073600,11,1,5,3,28
1239,13.3,2.7,16,512,1.4,1499.0,2073600,10,3,5,2,52
1240,15.6,3.6,6,256,2.2,597.57,2073600,10,3,5,0,74
1241,13.3,2.5,8,256,1.45,1280.0,2073600,2,4,5,2,46
1242,15.6,2.0,4,500,2.4,361.8,1049088,0,3,2,2,46
1243,17.3,2.7,16,512,2.77,1799.0,2073600,4,0,5,3,11
1244,14.0,2.3,4,256,1.54,1099.99,2073600,7,3,7,2,46
1245,15.6,2.8,16,1280,2.5,1600.0,2073600,2,1,5,3,15
1246,14.0,2.5,4,500,1.6,875.0,1049088,4,3,5,2,52
1247,15.6,2.6,16,1280,2.34,2325.0,2073600,2,1,5,3,19
1248,15.6,2.5,8,256,2.3,573.0,2073600,10,3,4,2,52
1249,13.3,1.2,8,256,1.24,1813.0,5760000,4,0,5,2,51
1250,15.6,1.6,4,500,2.2,324.0,1049088,4,3,2,2,39
1251,15.6,2.5,4,500,1.86,399.0,1049088,7,3,5,0,83
1252,15.6,2.3,6,128,2.4,569.0,2073600,10,3,5,3,7
1253,14.0,2.3,8,256,1.9,1072.0,2073600,10,3,5,2,46
1254,15.6,1.6,4,500,2.2,443.99,1049088,4,3,5,2,39
1255,15.6,1.1,4,1024,2.0,339.0,1049088,2,3,5,2,42
1256,17.3,2.6,16,1152,4.0,1900.0,2073600,2,1,5,3,30
1257,15.6,2.0,4,500,2.29,490.0,1049088,4,3,5,2,46
1258,15.6,2.5,8,0,2.32,895.0,2073600,10,3,7,0,88
1259,15.6,2.6,8,1152,2.4,1229.0,2073600,11,1,5,3,28
1260,14.0,2.3,4,128,1.8,833.01,2073600,10,0,5,2,46
1261,13.3,0.9,8,512,1.2,729.0,2073600,2,4,5,2,45
1262,15.6,2.4,6,1024,2.3,459.0,1049088,4,3,5,2,52
1263,15.6,1.6,4,500,2.4,289.0,1049088,0,3,2,2,40
1264,15.6,1.6,2,500,2.2,379.0,1049088,4,3,5,2,39
1265,15.6,2.6,8,1024,2.6,899.0,2073600,10,3,5,3,28
1266,15.6,2.9,6,0,2.04,549.99,2073600,7,3,5,0,96
1267,15.6,2.7,8,1024,2.3,805.99,1049088,4,3,2,0,91
1268,11.6,1.6,2,32,1.17,209.0,1049088,7,2,5,2,40
1269,15.6,2.5,4,500,2.2,720.32,1049088,2,3,5,3,6
1270,14.0,2.5,4,128,1.8,638.0,2073600,10,0,5,2,46
1271,13.3,2.5,16,512,1.3,1499.0,5760000,10,0,5,2,46
1272,14.0,1.6,2,64,1.5,229.0,1049088,10,3,5,2,39
1273,15.6,2.5,6,1024,2.19,764.0,1049088,7,3,5,0,88
1274,15.6,1.6,4,500,2.2,369.0,1049088,2,3,5,2,39
